Optimizer,Instance,BKS,BS,Gap,ExecutionTime,Iter1,Iter2,Iter3,Iter4,Iter5,Iter6,Iter7,Iter8,Iter9,Iter10,Iter11,Iter12,Iter13,Iter14,Iter15,Iter16,Iter17,Iter18,Iter19,Iter20,Iter21,Iter22,Iter23,Iter24,Iter25,Iter26,Iter27,Iter28,Iter29,Iter30,Iter31,Iter32,Iter33,Iter34,Iter35,Iter36,Iter37,Iter38,Iter39,Iter40,Iter41,Iter42,Iter43,Iter44,Iter45,Iter46,Iter47,Iter48,Iter49,Iter50,Iter51,Iter52,Iter53,Iter54,Iter55,Iter56,Iter57,Iter58,Iter59,Iter60,Iter61,Iter62,Iter63,Iter64,Iter65,Iter66,Iter67,Iter68,Iter69,Iter70,Iter71,Iter72,Iter73,Iter74,Iter75,Iter76,Iter77,Iter78,Iter79,Iter80,Iter81,Iter82,Iter83,Iter84,Iter85,Iter86,Iter87,Iter88,Iter89,Iter90,Iter91,Iter92,Iter93,Iter94,Iter95,Iter96,Iter97,Iter98,Iter99,Iter100
HHOCVRP,A-n32-k5,784,805.8,2.7806,0.57,1505.7,1226.4,1011.85,917.8,897.05,891.7,867.95,861.35,859.6,856.55,852.95,852.95,848.6,845.15,844.05,842.55,841.1,840.85,840.75,835.4,835.0,831.85,831.55,831.45,831.05,830.85,830.65,829.7,828.9,828.9,828.65,828.65,828.3,827.65,827.65,827.65,827.65,827.65,827.65,827.65,827.45,827.25,827.05,827.05,827.05,827.05,826.8,826.55,826.3,826.1,825.9,825.9,825.9,825.65,825.25,825.25,825.25,824.55,824.55,824.55,824.45,823.95,823.95,823.9,823.45,823.45,823.3,823.1,823.1,823.1,823.1,823.1,823.1,822.9,822.65,822.65,822.65,822.65,822.6,822.6,822.4,822.1,822.1,822.0,822.0,822.0,821.85,821.85,821.6,821.6,821.55,821.55,821.55,821.55,821.4,821.25,821.0,821.0,821.0,805.8
HHOCVRP,A-n33-k5,661,678.4,2.6324,0.6,1233.05,856.2,823.55,817.05,779.55,750.4,747.05,740.35,734.1,731.15,729.7,728.95,727.1,726.35,726.35,724.3,723.9,722.45,722.45,720.2,719.65,716.95,716.15,715.15,714.25,713.1,712.95,711.15,711.15,711.15,710.5,710.5,709.85,707.85,707.6,703.3,702.9,702.9,702.5,702.5,702.5,702.5,702.45,701.2,700.9,700.2,699.25,698.35,698.1,697.35,696.0,695.85,695.5,694.25,693.75,693.2,691.7,690.45,690.45,690.1,689.7,689.6,689.6,689.3,687.85,687.85,687.85,687.65,687.1,687.1,684.95,684.95,684.95,684.6,684.5,684.5,684.25,684.1,684.1,684.1,684.1,684.1,684.1,684.1,684.1,683.6,683.55,683.3,683.3,683.3,683.3,683.25,683.25,683.25,683.05,683.05,682.95,682.95,682.95,678.4
HHOCVRP,A-n33-k6,742,750.45,1.1388,0.63,1280.65,1164.3,973.35,889.55,834.25,826.25,824.2,821.6,807.5,801.8,801.2,797.45,795.2,791.25,790.8,790.8,790.3,788.9,786.1,785.15,785.05,784.75,783.85,783.75,782.15,780.35,777.8,777.65,775.2,773.85,773.5,772.25,771.7,771.0,770.1,770.1,768.65,767.45,767.3,767.25,766.5,766.5,766.15,765.15,764.8,764.4,764.2,763.9,763.05,762.15,762.15,761.6,761.45,761.4,761.4,761.35,761.3,760.9,760.85,760.8,760.35,758.85,758.3,758.3,758.15,758.1,757.7,757.65,757.65,757.65,757.55,757.2,757.2,756.7,756.7,756.6,756.6,756.45,756.45,756.4,756.35,756.3,756.3,756.3,756.25,755.8,755.8,755.8,755.8,755.75,755.75,755.65,755.65,755.65,755.6,755.55,755.45,755.45,755.45,750.45
HHOCVRP,A-n34-k5,778,795.9,2.3008,0.64,1361.75,1165.55,1057.45,987.0,984.85,899.35,893.55,884.3,877.0,872.65,863.4,859.85,858.45,856.95,856.95,856.4,849.1,848.65,846.25,845.3,844.05,839.9,839.15,838.6,836.55,834.15,833.7,831.05,830.6,830.25,827.5,824.6,824.6,824.5,823.85,823.85,821.65,821.4,821.4,821.35,821.3,821.25,819.8,817.7,817.7,817.65,817.65,815.05,814.25,814.25,814.05,813.95,812.0,811.6,811.15,810.9,810.85,809.8,809.8,809.8,809.8,809.8,808.9,808.9,808.4,807.75,807.75,807.65,807.5,807.35,806.95,806.95,806.95,805.3,805.3,805.1,804.6,804.6,804.2,804.2,804.1,804.1,804.1,804.1,804.1,804.1,804.1,804.1,803.45,802.45,802.1,801.9,801.2,801.2,800.55,800.55,800.55,800.55,800.55,795.9
HHOCVRP,A-n36-k5,799,821.45,2.8098,0.71,1546.0,1367.8,1096.3,1012.95,965.45,894.25,890.2,886.55,883.1,882.55,879.9,873.95,871.7,870.7,868.4,866.9,866.55,866.5,865.15,864.35,864.35,863.75,862.1,861.4,860.7,859.3,857.6,857.5,857.45,857.25,856.25,853.95,851.6,851.6,851.6,851.6,851.6,849.95,849.8,849.75,849.55,848.05,847.95,847.95,847.95,846.6,846.6,845.65,844.6,843.65,842.9,842.8,842.3,842.2,842.0,842.0,842.0,842.0,842.0,841.7,840.95,840.75,840.5,840.25,839.8,838.6,838.6,838.45,838.45,838.2,838.0,838.0,837.8,837.8,837.8,836.9,836.9,836.65,836.3,836.0,835.8,835.8,835.5,835.5,835.3,835.15,835.15,834.45,834.4,834.15,834.1,832.8,832.6,832.05,831.35,831.0,830.55,830.1,829.75,821.45
HHOCVRP,A-n37-k5,669,695.6,3.9761,0.72,1297.25,981.1,809.15,758.2,755.65,755.15,751.75,750.3,747.7,747.0,745.55,742.65,741.8,738.05,736.9,736.35,734.85,733.35,732.0,730.15,728.9,728.2,728.2,728.1,727.35,727.3,726.95,726.35,726.35,724.7,724.7,723.6,722.8,722.6,722.25,720.55,720.55,718.45,718.35,717.05,717.05,716.85,716.85,716.2,715.7,714.65,714.45,714.0,713.35,712.95,712.05,712.05,712.05,712.05,711.95,710.6,710.6,710.6,709.8,709.35,709.35,708.65,708.5,708.5,707.95,707.95,707.95,707.5,707.25,707.25,707.25,707.25,707.25,707.05,707.05,706.25,706.15,705.9,705.4,704.9,704.9,704.2,704.2,703.75,703.75,703.75,703.75,703.75,703.75,703.75,703.75,703.75,703.45,703.2,703.2,702.95,702.95,702.95,702.85,695.6
HHOCVRP,A-n37-k6,949,977.35,2.9874,0.73,1494.85,1251.55,1164.6,1113.85,1111.65,1105.75,1094.75,1068.25,1061.4,1057.5,1056.25,1055.8,1048.45,1044.95,1044.45,1044.45,1044.3,1040.0,1039.5,1037.45,1036.75,1036.25,1034.3,1032.8,1032.8,1032.1,1031.6,1030.95,1030.95,1030.95,1030.9,1029.75,1029.75,1028.55,1028.55,1028.0,1028.0,1025.7,1025.35,1024.85,1022.85,1022.7,1021.9,1021.85,1021.7,1018.35,1018.35,1018.3,1016.8,1016.75,1015.35,1013.65,1010.65,1009.8,1008.75,1008.75,1008.75,1008.45,1004.4,1004.4,1004.25,1003.9,1003.0,1002.1,1002.1,1001.65,1000.95,1000.85,1000.2,998.75,998.75,996.85,996.65,996.6,996.45,996.4,993.7,993.05,992.9,992.8,992.8,992.45,991.55,990.4,990.0,989.7,989.25,989.05,989.05,988.95,988.55,988.45,987.5,987.5,986.95,986.95,986.4,985.25,985.25,977.35
HHOCVRP,A-n38-k5,730,741.9,1.6301,0.74,1243.0,995.2,899.8,857.15,815.7,809.8,806.65,800.75,798.4,796.0,794.45,791.3,789.05,788.2,786.8,786.35,784.95,784.95,783.85,783.3,782.85,781.1,779.55,779.55,777.5,776.75,775.65,774.65,773.55,773.55,771.3,770.05,770.05,769.55,768.9,768.9,767.95,766.85,766.85,766.1,766.0,765.9,765.9,764.85,764.75,763.0,762.85,761.0,760.8,760.8,760.45,760.45,760.35,760.2,760.2,759.8,759.45,759.3,758.45,757.3,757.15,756.75,756.7,756.5,755.75,755.75,755.75,755.2,755.2,755.2,755.2,754.65,754.55,754.5,754.5,754.1,754.1,753.6,753.0,753.0,753.0,752.8,752.7,752.7,752.7,752.7,750.95,750.95,750.75,750.45,750.05,749.45,749.4,749.4,748.75,748.45,748.45,748.0,747.7,741.9
HHOCVRP,A-n39-k5,822,855.3,4.0511,0.77,1506.35,1324.85,1129.45,967.4,965.6,952.4,946.7,939.25,938.8,934.85,927.75,926.4,924.0,923.7,919.4,915.85,915.0,912.35,910.45,909.65,909.65,908.7,907.3,906.2,905.45,904.4,904.15,903.75,903.15,902.8,902.8,899.7,898.6,897.05,896.65,896.05,895.4,894.9,894.9,894.9,894.75,893.8,892.3,890.25,889.45,889.1,889.05,888.9,887.95,887.95,886.95,886.6,885.8,885.8,885.8,885.3,884.95,883.6,883.25,883.05,882.35,882.25,881.35,881.35,880.6,880.3,879.7,879.05,879.05,878.4,878.4,877.05,876.55,876.55,876.55,875.4,875.0,874.9,874.15,874.15,873.85,873.85,873.85,873.7,873.35,873.0,872.55,872.25,871.55,870.15,869.7,869.7,869.7,869.7,868.9,868.9,868.9,868.9,868.55,855.3
HHOCVRP,A-n39-k6,831,857.65,3.207,0.77,1708.05,1378.7,1139.5,1082.15,988.4,939.75,933.8,929.45,927.75,926.3,924.7,921.35,919.0,915.55,914.5,914.05,905.75,903.8,901.7,901.25,900.45,898.15,897.25,897.2,895.25,895.25,893.1,891.3,891.3,887.7,887.7,886.45,885.25,882.55,880.8,880.4,880.4,880.3,880.3,878.95,878.35,878.35,876.75,876.75,876.4,876.4,876.4,876.25,876.25,876.25,876.0,876.0,876.0,874.05,873.05,872.95,872.95,872.8,872.25,872.0,872.0,871.95,871.25,870.65,870.65,870.3,870.3,869.4,867.8,866.85,866.85,866.85,866.85,866.85,866.85,866.45,866.45,866.45,866.45,866.1,866.1,866.1,865.8,865.8,865.8,865.8,865.8,865.8,865.8,865.75,865.35,864.75,864.75,864.75,864.35,864.1,863.95,863.55,863.4,857.65
HHOCVRP,A-n44-k6,937,963.75,2.8549,0.88,1575.65,1311.5,1157.75,1090.95,1087.4,1079.4,1071.4,1065.55,1062.2,1061.7,1055.9,1054.75,1045.6,1043.35,1042.8,1040.0,1038.0,1037.8,1037.6,1036.5,1036.4,1034.15,1033.3,1031.8,1030.1,1026.4,1025.75,1023.65,1020.9,1020.6,1018.8,1018.15,1016.75,1016.5,1015.75,1013.2,1013.15,1011.6,1009.0,1007.95,1007.3,1004.45,1003.6,1000.8,1000.65,999.95,997.85,996.1,996.1,995.9,995.1,994.25,994.15,993.65,992.3,990.6,990.55,989.95,989.95,988.7,988.7,988.5,987.65,986.6,985.7,985.25,985.25,984.9,984.5,984.5,984.5,984.5,984.35,984.3,984.3,984.05,984.05,984.05,983.95,983.85,983.5,983.5,982.95,982.75,982.75,981.85,981.65,981.65,981.5,981.15,980.85,980.85,979.95,979.95,979.9,979.75,978.4,977.75,977.65,963.75
HHOCVRP,A-n45-k6,944,978.9,3.697,0.93,1644.1,1361.05,1285.5,1151.4,1141.8,1132.8,1066.95,1065.15,1063.5,1057.95,1055.5,1052.7,1051.15,1047.85,1047.5,1045.45,1043.5,1043.5,1042.0,1040.3,1039.6,1039.6,1039.15,1038.15,1038.15,1038.15,1038.0,1037.55,1037.05,1034.9,1034.75,1033.9,1032.1,1027.85,1026.9,1026.05,1025.05,1024.25,1022.45,1021.4,1020.85,1020.8,1020.4,1018.05,1017.55,1017.2,1016.35,1016.05,1014.85,1014.55,1013.95,1013.85,1012.95,1012.95,1012.65,1011.1,1009.55,1008.65,1008.2,1008.2,1008.2,1008.1,1004.75,1004.55,1003.85,1003.85,1003.5,1002.5,1001.5,1000.6,1000.05,1000.05,1000.05,999.8,999.3,998.4,998.3,998.15,997.85,996.3,995.95,995.5,995.5,995.4,994.45,993.8,993.8,993.8,993.8,993.8,993.75,991.85,991.7,991.5,991.4,990.9,990.9,990.9,990.9,978.9
HHOCVRP,A-n45-k7,1146,1187.4,3.6126,0.94,1722.8,1516.55,1350.85,1292.65,1287.1,1277.4,1276.85,1272.0,1271.3,1269.35,1268.65,1267.2,1265.45,1262.2,1258.3,1257.8,1254.8,1253.3,1251.15,1249.55,1248.15,1246.45,1246.45,1245.75,1245.35,1244.95,1244.1,1243.6,1243.5,1243.5,1242.6,1241.4,1240.35,1239.6,1237.95,1237.85,1237.85,1237.15,1236.55,1236.55,1231.5,1231.25,1230.85,1230.85,1229.9,1228.9,1228.85,1228.15,1227.25,1226.95,1226.5,1225.75,1225.4,1225.35,1225.35,1225.15,1223.5,1223.05,1223.05,1222.45,1222.25,1222.25,1221.95,1220.55,1220.55,1219.9,1219.9,1219.9,1217.85,1216.4,1215.3,1214.55,1213.75,1213.5,1213.1,1213.1,1212.6,1212.5,1212.4,1212.1,1212.1,1212.1,1212.0,1211.55,1211.25,1211.05,1210.45,1210.45,1209.65,1209.4,1208.15,1208.15,1206.8,1206.7,1206.7,1206.6,1206.05,1205.65,1205.3,1187.4
HHOCVRP,A-n46-k7,914,954.9,4.4748,0.95,1851.15,1510.55,1294.6,1235.35,1165.1,1109.05,1092.95,1087.7,1083.2,1074.85,1070.65,1069.9,1068.85,1062.1,1055.15,1053.05,1048.65,1046.4,1046.4,1043.8,1043.35,1043.15,1042.6,1037.55,1035.65,1034.4,1029.45,1029.15,1028.6,1026.25,1024.85,1024.75,1023.1,1023.1,1022.2,1020.25,1018.95,1018.4,1018.4,1017.95,1014.8,1013.65,1012.35,1011.65,1011.2,1011.05,1010.95,1010.35,1009.85,1008.95,1008.25,1007.4,1006.95,1006.75,1006.3,1006.3,1004.45,1001.2,998.95,998.65,998.65,997.85,996.3,995.5,994.85,992.6,991.2,991.15,990.6,990.35,990.35,989.45,989.4,989.35,988.9,988.9,988.4,987.95,987.25,987.25,986.75,985.95,985.45,983.85,983.3,982.6,982.4,982.3,981.95,980.95,980.6,979.5,979.45,978.65,978.15,978.1,977.65,977.6,977.3,954.9
HHOCVRP,A-n48-k7,1073,1135.5,5.8248,1.02,1822.15,1564.25,1312.8,1302.55,1293.5,1285.3,1223.55,1222.2,1221.2,1218.55,1215.65,1212.05,1211.55,1210.95,1208.55,1208.0,1207.8,1205.05,1200.9,1198.6,1198.15,1197.7,1196.55,1196.55,1195.15,1193.95,1193.95,1193.95,1193.65,1193.1,1192.55,1192.55,1190.75,1190.75,1190.4,1190.3,1189.65,1189.65,1188.8,1187.4,1185.4,1185.05,1185.05,1184.15,1183.65,1183.45,1182.4,1181.8,1181.8,1181.6,1179.7,1179.15,1177.4,1176.85,1176.3,1176.0,1173.65,1172.3,1172.3,1172.1,1171.55,1171.55,1170.9,1168.4,1167.95,1167.25,1167.25,1167.15,1165.75,1165.7,1164.55,1164.5,1164.5,1164.45,1163.85,1163.3,1162.85,1162.7,1162.7,1162.7,1162.65,1161.95,1160.55,1160.55,1159.85,1159.55,1159.35,1158.2,1157.95,1157.65,1156.7,1156.7,1156.7,1155.7,1155.45,1155.4,1155.2,1154.6,1153.4,1135.5
HHOCVRP,A-n53-k7,1010,1057.75,4.7277,1.14,2009.85,1366.85,1360.3,1281.95,1262.85,1196.4,1188.5,1177.35,1173.45,1168.2,1167.5,1165.15,1162.95,1157.8,1156.45,1154.6,1152.1,1151.95,1148.4,1146.25,1144.4,1144.4,1141.7,1141.7,1139.25,1139.1,1135.15,1131.6,1130.1,1129.85,1129.1,1128.7,1125.9,1125.15,1121.65,1116.6,1113.5,1112.6,1111.65,1111.4,1111.4,1110.85,1110.1,1107.55,1105.2,1103.7,1103.6,1103.6,1101.95,1100.4,1100.0,1100.0,1099.25,1097.9,1095.8,1095.75,1095.75,1095.75,1093.85,1091.85,1091.2,1090.6,1088.85,1088.55,1087.4,1087.2,1087.0,1086.95,1086.2,1086.2,1086.2,1086.2,1085.35,1085.2,1085.2,1085.2,1084.85,1084.2,1083.9,1083.6,1082.9,1082.6,1082.15,1082.05,1082.05,1080.9,1080.85,1080.85,1080.4,1079.3,1079.2,1078.85,1078.85,1077.95,1077.9,1077.45,1077.4,1076.6,1076.35,1057.75
HHOCVRP,A-n54-k7,1167,1207.75,3.4919,1.17,2107.45,1730.8,1518.25,1440.15,1353.35,1344.9,1337.5,1327.3,1323.05,1321.0,1317.5,1312.95,1310.0,1307.65,1306.75,1306.75,1305.75,1301.1,1299.5,1299.35,1298.6,1298.6,1297.05,1297.05,1295.55,1291.7,1291.7,1290.45,1289.5,1289.4,1289.4,1286.15,1285.65,1282.85,1280.0,1279.75,1278.4,1275.4,1274.75,1273.2,1271.75,1271.65,1271.4,1269.35,1268.85,1268.4,1267.6,1266.85,1265.45,1264.75,1264.05,1262.15,1262.05,1260.0,1258.8,1258.1,1257.5,1256.5,1255.65,1255.15,1255.05,1254.85,1253.3,1253.2,1253.15,1252.55,1252.55,1252.35,1251.95,1251.15,1249.9,1248.75,1248.0,1247.4,1247.25,1246.85,1246.45,1245.65,1245.65,1244.8,1243.8,1243.7,1243.3,1243.3,1243.1,1242.65,1242.6,1242.15,1241.65,1240.45,1240.15,1239.85,1239.85,1239.65,1239.65,1239.55,1239.2,1238.4,1237.75,1207.75
HHOCVRP,A-n55-k9,1073,1107.05,3.1733,1.21,2443.6,1842.2,1627.05,1470.6,1394.8,1312.9,1309.0,1230.0,1225.3,1216.8,1215.0,1213.0,1208.05,1203.4,1200.65,1195.2,1195.2,1190.1,1187.0,1186.9,1183.65,1183.35,1181.1,1180.65,1178.4,1177.15,1177.15,1174.3,1173.45,1172.2,1169.85,1169.05,1169.05,1168.15,1167.65,1167.2,1166.35,1165.5,1162.15,1161.35,1160.0,1157.95,1157.45,1157.45,1156.45,1155.55,1155.4,1155.4,1155.4,1154.7,1154.3,1151.05,1149.2,1147.15,1147.15,1146.4,1146.05,1146.05,1145.75,1143.1,1142.45,1142.35,1142.2,1141.7,1141.7,1141.4,1141.1,1141.1,1141.1,1140.75,1140.7,1140.35,1140.35,1139.95,1139.85,1139.85,1139.85,1139.5,1139.5,1139.5,1139.35,1138.75,1138.5,1138.4,1137.8,1137.4,1136.9,1136.8,1136.5,1136.4,1136.4,1136.4,1136.1,1135.7,1135.25,1135.25,1135.2,1134.55,1134.5,1107.05
HHOCVRP,A-n60-k9,1354,1415.9,4.5716,1.33,2584.4,1806.95,1636.4,1620.95,1534.9,1527.5,1522.2,1511.25,1508.1,1504.55,1502.45,1501.6,1499.95,1499.45,1499.45,1499.45,1498.45,1498.45,1498.0,1497.35,1497.35,1494.75,1493.75,1493.5,1492.7,1490.2,1489.45,1489.0,1487.1,1485.35,1483.8,1483.55,1483.2,1482.25,1477.35,1475.9,1475.9,1475.9,1475.9,1475.15,1474.5,1473.4,1471.9,1471.9,1471.9,1471.65,1470.8,1470.6,1469.85,1469.25,1469.25,1467.35,1467.0,1466.6,1466.6,1466.5,1466.5,1464.4,1463.7,1462.95,1462.9,1462.85,1461.95,1461.4,1461.0,1460.55,1459.05,1459.05,1459.05,1458.6,1457.25,1457.25,1457.25,1456.7,1455.9,1455.75,1455.5,1453.2,1453.2,1452.95,1452.95,1452.1,1452.1,1452.0,1451.8,1451.6,1451.4,1451.2,1451.1,1450.4,1449.45,1448.3,1447.8,1447.65,1447.0,1447.0,1445.65,1445.0,1444.7,1415.9
HHOCVRP,A-n61-k9,1034,1084.15,4.8501,1.39,1835.75,1435.65,1279.3,1275.05,1195.7,1183.75,1181.85,1181.55,1180.05,1176.35,1174.1,1173.95,1169.95,1168.95,1164.1,1162.65,1158.05,1158.05,1153.15,1153.15,1152.55,1149.7,1148.45,1148.3,1148.3,1148.3,1147.3,1146.35,1142.3,1142.3,1142.3,1142.0,1141.7,1141.65,1139.1,1139.05,1139.05,1138.35,1137.65,1137.5,1137.05,1134.65,1132.65,1132.65,1132.05,1130.3,1130.2,1129.3,1129.3,1129.3,1129.15,1128.05,1128.05,1124.95,1124.1,1123.9,1122.5,1122.5,1122.5,1122.4,1121.05,1120.85,1118.95,1118.25,1118.0,1117.95,1117.85,1116.35,1116.35,1116.35,1116.1,1116.1,1116.05,1115.65,1115.65,1115.1,1115.05,1115.0,1115.0,1114.25,1114.25,1113.65,1113.65,1112.8,1112.5,1111.8,1111.8,1111.8,1111.7,1111.65,1111.05,1111.05,1110.75,1109.85,1108.8,1108.7,1108.5,1108.35,1108.15,1084.15
HHOCVRP,A-n62-k8,1288,1349.5,4.7748,1.44,2246.65,1783.7,1762.5,1664.0,1649.95,1474.05,1463.95,1452.7,1450.35,1445.45,1439.15,1434.1,1423.1,1422.65,1421.95,1419.45,1418.85,1417.9,1413.0,1408.7,1404.15,1403.4,1402.65,1401.4,1401.3,1398.2,1394.3,1392.95,1391.7,1388.85,1388.85,1388.6,1388.35,1387.55,1387.55,1386.85,1386.85,1385.45,1384.55,1383.6,1382.45,1381.45,1380.8,1380.8,1380.65,1380.5,1380.5,1379.85,1379.6,1378.75,1378.75,1378.65,1378.25,1378.05,1377.95,1377.25,1376.75,1376.75,1375.95,1375.9,1375.9,1375.9,1375.8,1375.75,1375.75,1375.45,1373.75,1373.75,1373.75,1373.75,1373.2,1372.45,1372.45,1372.45,1372.3,1372.3,1371.65,1371.65,1371.65,1371.1,1371.05,1371.05,1370.85,1370.75,1369.75,1369.7,1369.7,1368.95,1368.75,1368.6,1368.3,1368.3,1367.8,1367.7,1365.95,1365.85,1365.6,1365.45,1365.25,1349.5
HHOCVRP,A-n63-k9,1616,1691.8,4.6906,1.41,2971.85,2290.0,2031.55,2023.5,1937.05,1846.5,1839.6,1823.8,1820.85,1820.8,1809.45,1806.9,1794.0,1791.9,1791.05,1790.85,1790.85,1786.85,1786.0,1785.9,1785.85,1779.35,1774.8,1772.25,1771.2,1769.95,1769.45,1765.8,1763.65,1763.3,1763.3,1762.4,1762.35,1762.35,1761.9,1757.15,1756.8,1756.5,1755.1,1752.45,1750.75,1748.75,1748.75,1747.8,1747.8,1747.8,1744.05,1741.2,1741.2,1741.2,1741.2,1741.2,1741.2,1739.7,1738.5,1737.25,1737.05,1737.05,1736.5,1736.5,1736.1,1733.65,1733.5,1733.4,1733.4,1733.3,1733.15,1730.85,1730.6,1730.6,1730.6,1730.6,1730.35,1730.3,1730.25,1730.25,1730.2,1729.8,1729.8,1729.45,1729.4,1729.4,1729.3,1728.75,1728.0,1727.75,1727.75,1727.75,1727.75,1727.75,1727.7,1727.0,1726.85,1726.1,1726.0,1726.0,1725.25,1724.9,1724.9,1691.8
HHOCVRP,A-n63-k10,1314,1378.5,4.9087,1.42,2364.55,1848.55,1598.7,1499.3,1498.35,1496.5,1487.55,1487.25,1484.8,1477.25,1477.25,1473.4,1472.15,1469.1,1462.6,1461.95,1461.8,1461.8,1459.95,1459.55,1457.7,1455.8,1455.8,1451.4,1449.85,1449.75,1449.4,1449.4,1448.1,1447.7,1447.7,1447.7,1447.65,1447.65,1444.85,1444.85,1443.85,1443.1,1442.4,1439.85,1439.85,1439.65,1438.0,1436.3,1435.1,1435.1,1433.95,1433.1,1432.95,1432.65,1431.85,1431.2,1430.95,1430.55,1430.55,1430.55,1427.85,1427.85,1427.8,1427.55,1427.25,1426.5,1425.65,1423.8,1421.45,1421.3,1421.1,1420.5,1420.4,1420.4,1419.5,1419.5,1419.15,1419.05,1419.05,1417.9,1417.8,1417.35,1417.3,1417.3,1416.55,1416.0,1414.3,1413.5,1413.5,1413.5,1413.25,1412.65,1412.45,1411.05,1410.2,1408.55,1408.5,1408.25,1408.2,1407.8,1406.55,1406.35,1406.35,1378.5
HHOCVRP,A-n64-k9,1401,1459.6,4.1827,1.49,2689.4,1922.1,1653.8,1653.25,1645.25,1563.65,1562.25,1558.9,1545.7,1545.1,1535.85,1533.95,1532.3,1531.1,1526.4,1526.4,1520.55,1520.55,1520.5,1519.65,1518.8,1517.75,1517.75,1517.1,1517.1,1515.8,1514.95,1512.5,1512.5,1512.0,1511.4,1509.8,1507.7,1507.25,1506.15,1505.7,1505.05,1505.05,1505.05,1504.6,1503.3,1502.7,1502.05,1502.05,1498.7,1497.5,1497.5,1495.65,1493.5,1493.5,1493.2,1493.2,1491.9,1491.2,1491.05,1491.05,1491.05,1491.0,1490.35,1490.3,1489.15,1489.15,1487.35,1487.05,1486.85,1486.8,1486.8,1486.8,1486.4,1486.35,1486.05,1485.9,1485.75,1485.75,1485.75,1485.75,1485.6,1485.25,1484.6,1484.6,1483.3,1482.15,1481.8,1480.0,1480.0,1479.95,1479.95,1479.75,1479.75,1479.75,1479.75,1479.35,1478.5,1478.5,1478.5,1478.4,1478.35,1477.7,1477.5,1459.6
HHOCVRP,A-n65-k9,1174,1232.5,4.983,1.53,2412.0,1894.0,1596.45,1390.85,1387.05,1365.85,1362.8,1348.1,1346.25,1338.55,1334.65,1331.75,1331.0,1320.75,1320.1,1319.7,1319.7,1317.4,1315.5,1315.4,1315.1,1315.1,1314.3,1310.75,1307.45,1306.95,1306.5,1305.1,1300.65,1299.35,1297.05,1296.9,1296.35,1296.1,1296.0,1296.0,1294.0,1293.8,1292.45,1291.15,1285.5,1285.45,1285.4,1284.2,1282.45,1282.45,1282.2,1282.15,1282.15,1280.95,1278.65,1278.45,1277.65,1276.6,1276.35,1276.35,1276.35,1276.1,1276.1,1276.1,1276.1,1275.4,1275.4,1274.6,1274.45,1273.95,1273.75,1273.3,1272.95,1272.6,1272.6,1272.6,1272.55,1272.55,1272.25,1272.25,1272.25,1272.25,1272.05,1271.25,1271.15,1271.15,1271.15,1270.75,1270.55,1270.55,1270.45,1270.45,1270.05,1270.05,1269.8,1269.75,1269.75,1269.75,1269.75,1269.5,1268.05,1267.7,1267.0,1232.5
HHOCVRP,A-n69-k9,1159,1219.45,5.2157,1.61,2688.35,1857.8,1746.45,1537.55,1441.75,1439.2,1437.2,1420.7,1327.55,1325.75,1319.35,1318.85,1314.6,1310.35,1310.35,1310.35,1309.55,1308.9,1307.25,1305.65,1305.65,1304.7,1304.2,1304.2,1302.95,1301.15,1296.4,1293.15,1291.8,1290.6,1290.3,1289.65,1288.75,1288.5,1287.95,1287.95,1285.2,1284.9,1283.95,1283.95,1283.9,1282.0,1281.45,1281.45,1278.65,1277.3,1277.0,1277.0,1274.65,1272.8,1272.55,1271.2,1270.75,1270.3,1270.0,1270.0,1268.35,1268.05,1266.05,1264.85,1264.5,1264.05,1264.05,1264.05,1263.95,1263.95,1263.5,1263.5,1262.95,1262.85,1262.65,1262.4,1262.4,1262.35,1262.35,1261.95,1261.95,1261.9,1261.1,1259.85,1259.55,1259.55,1259.05,1259.05,1259.05,1258.85,1258.2,1258.1,1257.85,1256.7,1255.9,1255.45,1255.4,1255.4,1255.25,1255.0,1254.0,1254.0,1253.95,1219.45
HHOCVRP,A-n80-k10,1763,1856.05,5.2779,2.05,3635.5,3007.5,2290.2,2164.45,2040.05,2034.55,2030.5,2023.55,2014.3,2014.3,1999.25,1996.75,1992.6,1989.4,1980.6,1978.75,1977.4,1976.1,1976.1,1976.1,1973.55,1973.0,1972.25,1971.3,1969.55,1969.0,1968.7,1968.35,1968.35,1968.35,1963.4,1960.75,1960.75,1960.3,1960.05,1959.35,1957.1,1954.0,1953.9,1951.0,1950.1,1949.45,1947.65,1945.9,1945.4,1944.75,1942.85,1942.85,1940.4,1940.4,1940.15,1937.85,1937.45,1937.05,1935.55,1935.55,1935.4,1933.1,1933.1,1932.4,1930.95,1930.95,1930.85,1930.65,1930.6,1930.6,1930.6,1930.0,1928.2,1928.2,1928.2,1927.95,1924.7,1924.7,1924.7,1923.85,1923.85,1923.6,1923.6,1922.9,1922.9,1922.4,1922.3,1921.5,1921.1,1920.6,1920.35,1919.6,1919.4,1917.0,1917.0,1916.85,1916.7,1916.35,1916.25,1915.75,1915.45,1914.2,1913.7,1856.05
HHOCVRP,B-n31-k5,672,686.6,2.1726,0.56,1020.5,819.95,738.85,717.4,716.2,701.0,700.1,699.65,698.75,698.3,697.8,697.75,697.15,696.7,696.6,696.55,696.5,696.2,696.1,696.0,695.95,695.95,695.95,695.95,695.95,695.0,694.8,694.75,694.35,694.35,694.1,693.55,693.0,692.8,692.45,692.45,692.3,692.15,692.0,692.0,692.0,691.9,691.8,691.7,691.35,691.35,691.3,691.05,691.0,690.95,690.65,690.6,690.6,690.45,690.4,690.35,690.35,690.05,690.05,689.95,689.9,689.85,689.8,689.75,689.75,689.7,689.65,689.6,689.6,689.6,689.6,689.6,689.1,689.05,689.0,689.0,688.9,688.85,688.75,688.75,688.75,688.75,688.75,688.75,688.75,688.75,688.75,688.75,688.75,688.45,688.45,688.45,688.45,688.4,688.4,688.4,688.2,688.2,688.2,686.6
HHOCVRP,B-n34-k5,788,810.2,2.8173,0.63,1125.4,1028.05,953.75,949.45,940.9,934.15,902.05,898.0,895.2,891.3,889.85,887.95,880.85,880.6,880.35,880.1,873.2,870.35,866.25,861.85,861.2,860.9,860.6,859.25,858.75,857.55,857.55,856.2,856.2,855.9,855.75,855.75,854.3,852.6,851.85,851.4,849.7,848.7,848.7,847.4,845.8,844.45,843.6,843.6,843.25,842.5,842.4,842.35,840.8,840.8,840.7,840.2,840.2,840.0,840.0,840.0,840.0,839.7,837.8,837.15,837.15,836.95,836.95,836.65,835.8,835.75,835.65,835.65,835.2,834.9,834.5,833.9,833.9,833.7,833.6,833.35,832.85,832.05,831.5,831.2,831.2,831.15,830.75,830.75,829.2,828.65,827.75,827.1,824.8,824.7,824.5,823.35,822.7,822.5,822.35,821.9,821.75,820.75,820.0,810.2
HHOCVRP,B-n35-k5,955,975.0,2.0942,0.69,1574.7,1294.8,1191.25,1093.1,1045.35,1043.1,1041.9,991.5,991.2,990.6,988.85,988.05,987.15,986.6,985.1,984.75,984.75,984.55,983.9,983.8,983.4,983.25,983.25,983.15,983.0,983.0,982.85,982.5,982.3,982.15,982.05,982.05,981.95,981.7,981.65,981.5,980.9,980.9,980.7,980.7,980.7,980.7,980.7,980.5,980.25,980.0,980.0,980.0,979.95,979.95,979.7,979.55,979.55,979.1,978.95,978.95,978.95,978.95,978.7,978.55,978.55,978.45,978.45,978.45,978.45,978.45,978.45,978.45,978.45,978.25,978.2,978.2,977.95,977.55,977.55,977.35,977.35,977.35,977.35,977.35,977.3,977.3,976.95,976.95,976.95,976.95,976.95,976.8,976.6,976.55,976.5,976.5,976.5,976.5,976.5,976.5,976.45,976.45,976.45,975.0
HHOCVRP,B-n38-k6,805,823.7,2.323,0.77,1378.65,1133.2,1052.85,853.8,852.2,851.8,848.6,848.05,846.45,845.6,845.4,842.6,841.75,841.75,840.8,840.7,840.7,840.15,840.0,840.0,839.25,839.2,839.2,838.9,838.9,837.95,837.95,837.75,837.75,836.85,835.95,835.45,835.3,835.15,835.1,834.65,833.75,833.2,833.1,833.1,832.7,832.6,832.2,832.05,831.75,831.7,831.7,831.25,831.25,830.8,830.8,829.95,829.05,828.95,828.7,828.35,828.35,828.35,828.05,828.05,827.95,827.75,827.4,827.4,827.4,827.4,827.4,827.3,827.25,827.25,827.25,827.05,827.05,827.05,827.05,826.9,826.9,826.9,826.9,826.8,826.8,826.8,826.8,826.8,826.7,826.2,826.2,826.1,826.1,826.1,826.1,826.0,826.0,826.0,825.9,825.9,825.9,825.9,825.9,823.7
HHOCVRP,B-n39-k5,549,579.15,5.4918,0.74,1535.25,1083.95,911.15,782.85,673.1,629.15,624.5,620.15,615.05,612.55,610.6,609.15,609.05,609.05,607.8,607.4,606.6,606.6,606.55,605.3,605.3,605.15,604.8,603.05,603.05,603.05,602.05,601.8,601.6,601.35,601.0,600.65,600.5,600.4,599.7,599.7,598.7,598.7,597.35,597.3,597.25,597.15,597.15,595.05,595.05,594.95,594.15,594.05,594.05,593.85,593.35,593.25,593.2,593.15,592.95,592.9,592.4,592.35,592.3,591.9,591.8,590.55,590.4,590.2,590.1,589.5,589.4,589.35,589.35,589.3,589.3,588.7,588.5,588.5,588.35,588.35,588.2,588.05,588.05,587.9,587.45,587.45,587.3,587.25,587.05,587.05,586.95,586.9,586.35,586.25,586.25,586.2,585.95,585.7,585.7,585.5,585.4,585.2,585.0,579.15
HHOCVRP,B-n41-k6,829,848.6,2.3643,0.8,1648.7,1302.05,996.15,989.75,970.55,965.85,922.9,920.05,918.05,915.8,915.35,912.95,912.95,911.9,911.1,909.8,906.1,905.85,905.85,902.35,902.25,902.0,901.4,899.8,896.5,894.0,893.6,892.9,890.2,890.15,889.9,888.6,888.3,888.2,886.35,886.35,886.35,886.35,884.8,884.75,884.45,884.35,884.1,883.35,882.55,879.7,879.7,877.5,875.05,875.05,873.25,872.9,872.75,872.75,872.75,872.6,872.6,872.5,872.1,871.85,871.6,871.2,871.2,870.95,870.95,870.85,870.55,870.25,869.9,869.5,869.15,867.35,866.85,866.45,866.45,866.1,864.35,864.25,864.05,863.45,863.05,862.3,862.2,862.0,861.8,861.55,861.4,861.0,860.9,860.7,860.7,860.35,859.85,859.65,859.65,859.45,858.45,858.45,857.6,848.6
HHOCVRP,B-n43-k6,742,745.1,0.4178,0.92,1379.55,1187.2,1057.3,916.65,868.45,779.3,777.1,772.7,772.2,768.25,767.45,767.15,764.05,761.95,757.35,757.2,754.3,754.2,754.2,754.2,752.85,752.85,752.85,752.85,752.85,752.55,752.55,752.55,752.55,752.55,752.25,752.25,752.25,752.25,752.25,752.25,751.95,751.95,751.8,751.8,751.55,751.55,751.55,751.35,751.35,751.2,751.2,751.2,751.2,750.9,750.9,750.9,750.8,750.8,750.6,750.15,750.15,750.15,750.0,750.0,750.0,749.65,749.65,749.65,749.65,749.65,749.55,749.55,749.55,749.45,748.8,748.65,748.65,748.65,748.55,748.55,748.55,748.55,748.55,748.55,748.55,748.55,748.5,748.5,748.5,748.3,748.3,748.2,748.2,748.2,748.2,748.2,748.2,747.9,747.9,747.9,747.9,747.9,747.9,745.1
HHOCVRP,B-n44-k7,909,942.15,3.6469,0.92,1716.5,1293.2,1134.75,1081.65,1024.9,1017.25,1013.8,996.15,994.85,994.85,989.75,987.1,985.65,985.65,985.55,985.3,981.95,981.05,979.75,978.0,978.0,977.75,977.35,977.35,976.75,976.75,976.6,976.6,974.75,974.45,973.75,972.95,972.95,972.75,970.75,970.45,969.75,969.4,969.4,968.4,968.25,968.1,967.95,966.8,966.8,966.3,966.0,966.0,966.0,965.15,965.1,965.05,965.05,963.85,963.7,963.4,962.95,962.95,962.9,962.2,961.85,961.75,960.9,960.9,960.8,960.75,960.3,960.1,959.7,959.7,959.3,958.55,958.35,958.2,958.2,958.05,958.05,957.9,957.4,957.25,957.25,956.95,956.75,956.6,956.3,956.3,956.15,955.7,955.25,955.15,954.7,954.5,954.25,954.1,953.45,952.95,952.9,952.5,952.25,942.15
HHOCVRP,B-n45-k5,751,778.25,3.6285,0.9,1543.55,1235.0,1166.45,1035.5,857.4,849.9,845.25,842.15,837.15,829.65,827.1,823.75,823.7,822.55,821.25,819.95,818.25,813.95,813.1,811.55,810.85,810.0,809.7,809.6,809.55,809.4,808.9,805.8,805.65,805.5,805.5,805.45,804.9,804.55,804.5,804.1,804.1,803.75,803.75,803.3,803.05,802.35,802.25,802.25,802.0,801.7,801.7,801.2,800.45,800.45,799.75,799.5,799.5,799.5,799.1,798.8,798.2,798.2,798.05,798.05,798.05,798.05,798.05,798.0,797.55,797.55,797.3,797.2,797.2,796.7,796.45,795.9,795.9,795.7,795.6,795.45,795.05,795.05,795.05,794.95,794.85,794.55,794.15,793.8,793.65,793.65,793.15,793.15,792.8,792.6,792.35,792.15,791.95,791.95,791.75,791.6,791.55,791.4,791.05,778.25
HHOCVRP,B-n45-k6,678,712.4,5.0737,0.95,1222.1,956.65,873.15,801.0,758.4,751.75,749.1,745.85,743.2,741.55,738.55,735.0,734.85,734.85,734.85,733.85,733.6,732.9,731.65,730.1,730.05,729.95,729.85,729.55,729.55,729.55,728.55,727.45,727.35,727.35,727.35,726.55,726.1,725.95,725.95,725.95,725.9,725.05,724.75,724.75,724.7,724.7,724.55,724.5,724.5,724.5,724.5,724.5,724.35,724.1,724.1,723.9,723.9,723.9,723.45,723.0,722.85,722.6,722.6,722.6,722.55,722.55,722.45,722.45,722.45,722.45,722.45,722.45,722.45,722.4,722.4,722.3,722.3,722.3,721.8,721.8,721.8,721.8,721.7,721.65,721.65,721.2,721.2,721.15,721.05,721.05,720.95,720.95,720.95,720.9,720.85,720.8,720.8,720.75,720.6,720.2,719.9,719.8,719.05,712.4
HHOCVRP,B-n50-k7,741,756.9,2.1457,1.04,2065.75,1286.15,1097.9,876.4,858.5,848.85,840.3,838.25,833.1,824.1,816.95,816.1,812.05,808.85,808.35,805.0,804.4,802.95,802.8,800.9,800.45,797.15,795.05,789.4,787.45,787.45,785.7,785.7,784.7,783.5,783.25,783.25,783.25,783.0,781.8,781.7,781.7,781.45,780.3,780.1,778.2,778.2,777.8,777.5,776.95,776.0,775.85,775.7,775.15,774.8,774.65,774.65,774.55,774.25,774.1,773.9,773.75,772.65,772.65,772.65,772.65,772.2,772.2,771.1,771.1,771.0,770.95,770.95,770.8,770.8,770.8,770.6,770.6,770.55,770.55,770.55,770.55,770.45,770.15,769.65,769.3,769.3,768.85,768.65,768.65,768.5,768.2,768.2,768.05,768.05,767.9,767.9,767.6,767.3,767.05,766.75,766.55,766.55,766.0,756.9
HHOCVRP,B-n50-k8,1312,1345.65,2.5648,1.09,1873.7,1545.75,1532.5,1484.75,1476.15,1437.0,1425.0,1417.45,1413.4,1410.25,1409.65,1407.4,1406.2,1402.95,1399.9,1397.6,1396.2,1394.85,1392.15,1392.15,1391.0,1391.0,1391.0,1390.6,1390.5,1389.1,1389.1,1389.1,1389.1,1387.25,1387.2,1383.8,1383.55,1381.9,1381.9,1379.9,1379.85,1379.75,1379.15,1378.85,1378.85,1378.6,1377.95,1377.85,1377.8,1377.6,1374.7,1374.3,1374.3,1373.45,1373.25,1373.25,1372.85,1372.85,1372.75,1371.6,1371.55,1371.4,1371.3,1371.2,1371.2,1371.2,1370.7,1370.0,1370.0,1369.05,1369.05,1368.4,1367.65,1367.2,1367.15,1366.95,1366.9,1365.75,1365.6,1365.6,1364.15,1363.4,1363.4,1363.25,1363.2,1363.05,1362.6,1362.45,1362.4,1362.15,1362.15,1361.8,1361.45,1361.05,1360.85,1360.25,1360.15,1360.15,1359.95,1359.65,1359.45,1359.3,1358.85,1345.65
HHOCVRP,B-n51-k7,1032,1056.55,2.3789,1.05,2189.5,1683.7,1154.6,1152.5,1148.6,1148.0,1139.2,1129.2,1126.6,1126.55,1120.5,1117.85,1117.65,1116.25,1116.25,1115.15,1115.15,1106.35,1106.2,1101.45,1101.45,1101.45,1101.45,1096.45,1096.2,1095.75,1095.75,1094.8,1094.8,1094.7,1094.4,1094.1,1094.05,1089.85,1089.85,1089.85,1087.7,1086.05,1084.45,1084.35,1084.0,1084.0,1082.3,1082.05,1082.05,1081.6,1080.65,1080.65,1080.65,1079.05,1079.05,1076.9,1070.1,1070.05,1068.2,1067.25,1067.25,1064.85,1064.85,1064.5,1064.5,1064.3,1064.2,1064.2,1063.0,1061.95,1061.55,1061.55,1061.55,1061.5,1061.5,1061.45,1061.45,1061.45,1061.45,1061.45,1061.45,1061.45,1061.1,1060.7,1060.7,1060.7,1060.65,1060.55,1060.55,1060.55,1060.55,1060.55,1060.55,1060.5,1060.2,1060.2,1060.2,1060.2,1060.1,1059.85,1059.85,1059.85,1059.2,1056.55
HHOCVRP,B-n52-k7,747,763.1,2.1553,1.06,1746.4,1082.0,914.6,906.0,897.65,820.1,815.15,815.15,812.9,812.4,811.65,808.45,804.05,802.3,802.05,802.05,801.95,801.5,800.65,800.65,800.05,799.75,798.75,798.7,798.65,798.35,797.85,797.4,797.25,795.6,793.7,791.7,791.65,791.6,789.55,789.25,789.25,789.2,789.0,788.5,787.85,787.65,787.65,787.65,787.65,787.55,787.4,787.0,786.8,786.4,785.8,785.4,785.1,784.85,784.5,784.5,784.1,783.75,783.7,782.95,782.9,782.65,782.65,782.1,782.0,781.8,781.8,781.7,781.65,781.55,781.55,781.25,781.15,781.0,780.7,780.6,780.6,780.55,780.0,780.0,780.0,780.0,779.9,779.7,779.25,779.25,779.05,778.55,778.45,778.4,777.95,777.95,777.5,777.1,777.1,777.1,776.8,776.65,775.9,763.1
HHOCVRP,B-n56-k7,707,742.25,4.9859,1.17,1842.2,1136.75,1127.85,904.85,902.85,897.05,818.15,817.6,813.55,809.7,804.85,804.3,801.5,798.85,796.0,793.75,790.25,789.9,789.75,788.25,788.25,787.3,786.75,786.5,785.5,783.55,783.45,781.4,781.0,780.8,779.2,779.2,778.95,778.75,776.9,775.45,774.85,774.7,774.55,774.25,774.2,774.0,772.05,771.05,771.05,770.5,770.5,770.45,769.8,769.1,769.0,768.3,767.95,764.9,764.25,761.55,761.3,760.95,760.95,760.3,759.75,759.75,759.7,759.15,759.05,759.05,759.05,759.0,757.9,757.6,757.4,757.4,757.4,757.4,757.4,757.4,757.4,757.4,757.2,757.2,757.1,757.1,756.95,756.0,755.9,755.45,755.2,754.8,754.7,754.65,754.2,754.1,754.05,753.75,753.75,753.25,753.05,752.8,752.75,742.25
HHOCVRP,B-n57-k7,1153,1206.15,4.6097,1.21,2365.1,1972.75,1605.55,1505.0,1499.25,1493.3,1404.5,1388.25,1362.7,1354.45,1353.35,1351.45,1347.65,1344.0,1341.7,1340.75,1337.55,1332.65,1323.9,1318.5,1313.05,1311.6,1305.3,1304.95,1303.75,1303.6,1303.55,1303.3,1294.9,1291.55,1290.75,1286.25,1286.25,1283.65,1283.65,1283.65,1283.65,1279.3,1279.3,1278.55,1276.45,1275.8,1273.85,1271.1,1271.1,1268.9,1263.8,1263.8,1263.75,1261.8,1257.15,1250.45,1246.9,1242.8,1240.25,1235.95,1235.75,1235.2,1235.05,1234.75,1234.75,1232.85,1232.85,1232.85,1232.85,1231.0,1231.0,1230.5,1230.5,1229.15,1226.85,1226.85,1223.15,1223.15,1223.1,1223.0,1222.45,1222.45,1222.35,1222.35,1222.25,1222.15,1222.15,1221.9,1221.6,1221.55,1221.5,1221.05,1220.35,1220.25,1220.0,1220.0,1219.9,1218.45,1218.4,1218.4,1218.3,1218.2,1217.65,1206.15
HHOCVRP,B-n57-k9,1598,1645.3,2.9599,1.28,2387.3,2090.4,1925.45,1850.55,1723.2,1717.5,1716.15,1709.6,1706.8,1705.25,1702.95,1698.75,1698.55,1697.95,1697.8,1697.25,1695.15,1695.15,1692.55,1692.05,1692.05,1691.45,1691.15,1690.95,1689.0,1688.15,1688.0,1688.0,1685.6,1685.6,1685.45,1685.1,1683.3,1683.3,1683.25,1683.1,1682.5,1682.3,1682.25,1681.5,1681.2,1680.7,1680.25,1680.25,1679.85,1679.55,1679.5,1679.25,1678.95,1678.75,1678.5,1678.45,1677.5,1676.85,1676.85,1676.85,1676.85,1675.5,1674.95,1674.9,1674.8,1674.75,1674.35,1673.9,1673.35,1672.75,1672.55,1672.55,1672.2,1672.0,1671.85,1671.6,1671.55,1671.2,1670.65,1670.45,1669.75,1669.7,1669.7,1669.7,1669.7,1669.7,1669.55,1669.55,1669.2,1669.2,1668.45,1667.85,1667.4,1667.0,1666.95,1666.3,1666.1,1665.85,1665.75,1665.45,1664.7,1664.55,1664.35,1645.3
HHOCVRP,B-n63-k10,1496,1575.75,5.3309,1.42,2884.8,2380.45,1986.6,1806.65,1719.8,1714.65,1702.6,1690.85,1688.75,1681.4,1677.1,1670.45,1661.85,1660.1,1658.85,1656.05,1645.75,1638.85,1636.35,1634.2,1633.4,1632.95,1632.95,1632.95,1631.55,1629.2,1629.0,1628.8,1628.55,1627.35,1624.2,1623.8,1619.4,1617.8,1617.2,1616.65,1616.65,1614.55,1614.55,1614.4,1614.1,1613.65,1613.65,1611.9,1611.1,1610.65,1610.45,1610.0,1609.8,1609.8,1609.8,1609.2,1608.95,1608.65,1606.45,1605.85,1605.85,1605.85,1605.85,1605.05,1604.55,1604.5,1604.1,1603.5,1603.5,1603.25,1603.25,1603.1,1603.05,1603.05,1602.55,1602.55,1602.55,1602.4,1602.4,1601.75,1601.75,1601.15,1601.15,1601.15,1600.45,1600.45,1600.35,1600.35,1600.35,1600.35,1599.75,1599.15,1598.9,1598.85,1598.65,1598.15,1597.75,1597.3,1597.1,1596.2,1595.5,1595.1,1595.05,1575.75
HHOCVRP,B-n64-k9,861,908.55,5.5226,1.4,2128.6,1357.05,1016.5,1002.75,988.35,982.5,977.1,969.05,964.75,963.55,961.2,958.25,956.5,953.6,950.6,948.7,948.7,948.5,947.7,947.2,946.85,946.6,944.8,944.05,943.2,942.9,942.05,941.65,940.35,939.7,938.9,938.9,937.8,936.4,935.75,935.65,935.4,935.2,934.85,934.65,934.35,933.9,933.7,933.7,933.35,933.15,933.15,933.15,932.6,932.15,931.7,931.7,931.7,931.25,931.25,931.25,931.15,931.15,931.15,931.15,930.8,930.55,930.55,929.95,929.5,929.4,929.15,929.15,928.95,928.95,928.85,928.65,928.55,928.55,927.75,927.55,927.55,927.45,927.35,927.2,926.95,926.3,926.3,925.9,925.8,925.55,925.55,925.4,924.95,924.75,924.4,924.4,923.75,923.45,923.0,922.8,922.8,922.8,922.8,908.55
HHOCVRP,B-n66-k9,1316,1358.65,3.2409,1.49,2549.2,2080.15,1624.3,1524.45,1439.35,1435.9,1431.85,1429.25,1424.65,1424.15,1417.75,1417.6,1416.0,1412.95,1410.15,1408.65,1404.45,1404.15,1401.5,1399.05,1399.05,1398.65,1397.5,1393.1,1393.1,1393.1,1392.6,1391.8,1391.8,1390.8,1390.0,1389.85,1389.5,1389.5,1389.1,1389.1,1388.8,1388.75,1388.55,1388.1,1387.7,1386.95,1386.65,1386.6,1385.45,1384.9,1383.4,1383.1,1383.05,1383.05,1382.85,1382.85,1382.75,1382.55,1382.3,1381.45,1381.4,1381.1,1381.05,1380.9,1380.85,1380.65,1380.1,1380.1,1380.1,1380.1,1379.75,1379.75,1379.6,1379.45,1379.2,1379.05,1379.0,1379.0,1378.6,1378.35,1378.3,1378.3,1378.2,1378.2,1378.2,1378.2,1377.65,1377.4,1377.4,1377.4,1377.4,1377.35,1377.25,1376.3,1375.45,1375.3,1375.05,1374.6,1374.25,1373.75,1373.5,1372.9,1372.8,1358.65
HHOCVRP,B-n67-k10,1032,1109.55,7.5145,1.55,2404.4,1822.75,1371.5,1281.0,1188.75,1184.5,1173.35,1172.55,1167.65,1165.35,1164.6,1164.3,1163.5,1162.1,1160.3,1159.2,1156.7,1156.5,1155.95,1153.95,1152.65,1151.85,1151.85,1151.85,1151.85,1151.2,1150.85,1150.8,1150.65,1148.35,1148.3,1148.05,1147.45,1146.95,1146.85,1146.05,1145.8,1144.45,1144.45,1142.65,1141.65,1141.6,1140.55,1138.9,1138.55,1138.3,1138.3,1138.15,1138.1,1138.1,1138.1,1138.1,1137.85,1136.05,1135.9,1135.05,1135.05,1134.0,1133.6,1133.6,1133.55,1133.4,1133.4,1133.4,1133.35,1133.25,1133.25,1133.25,1133.25,1132.05,1130.25,1129.95,1129.9,1129.8,1128.8,1127.9,1127.55,1127.55,1127.55,1127.2,1127.2,1127.1,1126.85,1126.35,1126.35,1126.35,1126.35,1126.35,1126.05,1126.0,1125.85,1125.65,1125.6,1125.5,1125.0,1124.75,1124.25,1124.1,1123.3,1109.55
HHOCVRP,B-n68-k9,1272,1310.0,2.9874,1.61,2942.4,1887.75,1593.4,1393.6,1388.85,1385.95,1379.45,1377.4,1377.35,1370.5,1366.95,1363.85,1363.85,1359.85,1357.75,1357.05,1352.95,1352.85,1351.55,1349.7,1348.2,1348.0,1348.0,1346.7,1345.7,1345.6,1345.2,1345.15,1344.9,1344.35,1344.3,1344.1,1344.1,1343.65,1342.85,1341.35,1340.8,1340.3,1339.4,1339.4,1337.65,1337.35,1337.35,1336.6,1336.6,1336.6,1336.6,1336.6,1336.55,1336.4,1336.1,1335.65,1335.65,1335.65,1335.4,1335.1,1334.8,1334.4,1334.15,1334.15,1333.6,1333.5,1332.85,1332.65,1332.05,1332.05,1331.9,1331.9,1331.15,1331.1,1331.1,1331.05,1331.05,1330.8,1330.0,1329.85,1329.65,1329.65,1329.65,1329.65,1329.25,1329.15,1329.15,1329.05,1329.05,1329.05,1328.95,1328.95,1328.8,1328.55,1328.55,1328.55,1328.5,1328.45,1328.4,1328.0,1327.75,1327.55,1327.3,1310.0
HHOCVRP,B-n78-k10,1221,1280.75,4.8935,1.95,2865.95,2008.6,1764.5,1512.35,1379.45,1377.6,1375.55,1372.45,1363.4,1356.05,1353.0,1350.35,1347.95,1346.85,1345.9,1345.4,1343.7,1343.2,1342.95,1342.3,1340.95,1339.4,1335.9,1332.1,1332.1,1332.0,1331.8,1330.2,1329.2,1328.95,1328.4,1325.6,1325.4,1324.2,1323.75,1323.75,1323.7,1323.2,1323.0,1321.55,1321.3,1321.3,1321.2,1321.2,1321.2,1321.1,1320.0,1319.3,1316.15,1316.0,1315.9,1315.45,1313.65,1313.65,1312.6,1312.25,1312.05,1311.75,1310.25,1309.95,1309.95,1309.95,1309.95,1309.95,1309.95,1309.3,1309.2,1308.8,1308.05,1308.05,1308.05,1307.85,1307.85,1307.85,1307.85,1307.75,1307.75,1306.6,1306.6,1306.6,1306.6,1306.35,1306.15,1306.1,1305.75,1305.75,1305.65,1305.65,1305.35,1305.35,1304.75,1304.55,1304.55,1304.55,1304.3,1303.6,1303.35,1302.75,1301.95,1280.75
HHOCVRP,E-n13-k4,247,247.0,0.0,0.26,316.55,307.15,299.15,285.75,281.1,275.95,268.3,264.55,263.7,263.1,263.1,259.2,257.8,254.4,252.75,252.65,252.6,252.05,251.55,251.45,251.3,251.3,250.4,250.35,248.2,248.2,248.15,248.15,248.15,248.15,248.15,248.1,248.1,247.65,247.6,247.6,247.55,247.55,247.5,247.05,247.05,247.05,247.05,247.05,247.05,247.0,247.0,247.0,247.0,247.0,247.0,247.0,247.0,247.0,247.0,247.0,247.0,247.0,247.0,247.0,247.0,247.0,247.0,247.0,247.0,247.0,247.0,247.0,247.0,247.0,247.0,247.0,247.0,247.0,247.0,247.0,247.0,247.0,247.0,247.0,247.0,247.0,247.0,247.0,247.0,247.0,247.0,247.0,247.0,247.0,247.0,247.0,247.0,247.0,247.0,247.0,247.0,247.0,247.0,247.0
HHOCVRP,E-n22-k4,375,375.9,0.24,0.36,599.15,482.2,457.4,425.6,415.4,413.25,408.1,406.8,403.95,401.9,400.2,399.6,398.65,398.0,397.45,397.2,395.85,394.95,394.55,393.45,392.7,391.95,390.4,390.0,389.25,387.1,386.05,385.95,385.0,384.8,384.45,383.75,382.35,382.25,381.25,381.25,381.0,380.7,380.7,380.6,379.45,379.45,379.45,379.45,379.45,379.45,379.2,378.75,378.55,378.25,378.25,378.25,378.0,377.85,377.8,377.8,377.8,377.8,377.8,377.8,377.35,377.1,377.1,377.1,377.1,377.0,376.3,376.2,376.2,376.2,376.2,376.2,376.2,376.2,376.2,376.2,376.0,376.0,376.0,376.0,376.0,376.0,376.0,376.0,376.0,376.0,375.9,375.9,375.9,375.9,375.9,375.9,375.9,375.9,375.9,375.9,375.9,375.9,375.9,375.9
HHOCVRP,E-n23-k3,569,571.35,0.413,0.4,874.45,787.35,678.15,648.75,624.35,606.4,592.1,585.0,584.5,582.2,582.2,581.6,581.45,580.85,579.4,578.5,578.35,578.2,577.55,577.55,576.1,576.1,575.9,575.4,575.4,575.4,575.4,575.4,575.4,575.25,575.25,574.55,574.45,574.3,573.9,573.9,573.9,573.9,573.9,573.8,573.65,573.5,573.5,573.35,573.15,573.0,573.0,573.0,572.8,572.8,572.8,572.8,572.65,572.65,572.65,572.65,572.65,572.65,572.5,572.5,572.5,572.5,572.5,572.5,572.3,572.3,572.3,572.3,572.3,572.1,572.1,572.1,572.1,572.1,572.1,571.9,571.9,571.9,571.9,571.9,571.9,571.75,571.75,571.75,571.75,571.75,571.75,571.75,571.75,571.75,571.75,571.75,571.75,571.75,571.75,571.75,571.75,571.55,571.55,571.35
HHOCVRP,E-n30-k3,534,525.3,-1.6292,0.53,1146.2,870.0,713.25,634.5,580.95,576.75,574.45,573.0,569.05,566.35,564.3,564.25,564.0,561.65,561.45,560.1,560.05,558.75,557.9,557.45,556.25,556.1,555.95,555.95,555.65,555.1,554.8,554.8,553.9,553.9,553.75,553.75,553.3,553.25,552.95,552.75,552.15,551.85,551.55,551.4,551.15,550.9,549.85,549.8,549.8,549.8,549.5,549.5,549.3,549.15,549.15,548.8,547.65,547.35,547.3,547.25,547.25,547.0,546.75,545.95,545.85,545.35,545.35,544.85,544.85,544.1,544.1,543.7,543.7,543.7,542.3,540.95,540.8,540.45,540.25,540.05,538.65,538.6,538.6,538.55,538.55,538.35,538.15,538.05,537.9,537.65,537.6,537.6,537.55,537.3,537.3,536.75,536.45,536.45,535.5,535.2,535.2,534.25,534.2,525.3
HHOCVRP,E-n31-k7,379,478.25,26.1873,0.64,997.5,832.4,768.8,723.55,688.15,652.3,644.75,629.9,620.25,619.3,618.1,617.2,604.95,600.05,593.75,584.8,579.5,566.0,565.4,565.25,561.45,560.9,557.1,556.6,556.6,555.6,555.6,553.25,551.35,548.75,543.25,542.35,540.7,538.55,537.25,536.2,535.9,535.25,534.9,534.9,530.85,530.7,529.1,528.55,526.3,525.5,525.5,525.5,524.9,524.1,523.9,521.95,521.95,520.55,520.25,519.55,519.55,519.55,517.65,516.8,516.75,516.15,516.0,512.65,512.3,511.5,511.5,506.85,506.8,504.3,504.3,499.7,499.7,499.2,496.6,496.6,495.95,495.95,495.95,495.95,495.45,495.3,494.8,494.8,494.8,494.8,493.85,492.3,492.3,492.05,492.05,492.05,492.05,490.6,490.6,490.6,490.05,490.05,490.05,478.25
HHOCVRP,E-n33-k4,835,851.0,1.9162,0.59,1316.9,1060.65,1022.6,959.9,935.5,930.65,929.4,924.0,922.2,915.2,913.35,906.8,903.9,899.6,898.75,897.65,891.25,889.3,888.85,886.45,881.05,880.3,879.9,879.8,878.1,877.9,877.75,876.65,876.45,876.45,875.8,874.25,874.1,872.35,871.5,871.1,870.4,869.35,869.35,868.2,866.0,864.7,862.95,861.4,861.0,860.85,860.55,859.65,858.85,857.3,857.2,857.05,856.95,856.85,856.8,856.8,856.8,856.4,856.1,856.0,855.95,855.95,855.95,855.75,855.75,855.7,855.7,855.55,855.25,855.25,854.35,854.35,854.35,853.8,853.8,853.3,853.3,853.05,853.05,852.8,852.75,852.65,852.55,852.45,852.45,852.45,852.45,852.45,852.35,852.35,852.35,852.35,852.35,852.35,852.35,852.3,852.3,852.3,852.3,851.0
HHOCVRP,E-n51-k5,521,554.0,6.334,1.05,1197.15,887.3,713.75,666.9,624.85,618.6,616.1,612.35,612.25,608.75,608.75,607.25,606.0,603.9,602.75,601.65,598.7,596.55,596.55,596.55,596.05,595.5,594.45,593.6,592.75,591.4,589.45,587.75,587.05,586.4,584.9,584.8,584.25,584.1,583.8,583.75,583.3,583.3,583.3,582.65,580.95,580.85,580.4,577.35,576.8,576.8,576.8,575.6,575.35,575.25,574.95,574.4,573.7,573.7,572.55,572.1,571.9,571.65,571.45,571.25,571.25,571.25,571.15,571.15,571.05,571.05,571.05,571.0,571.0,571.0,570.4,569.8,569.6,569.6,569.6,569.6,568.6,568.6,568.6,568.6,568.6,568.6,568.55,568.45,568.45,568.45,567.7,567.5,567.5,567.5,567.45,567.35,567.35,566.9,566.85,566.85,566.65,566.45,566.45,554.0
HHOCVRP,E-n76-k7,682,733.45,7.544,1.85,1587.9,1131.65,977.15,896.35,895.1,893.5,818.2,815.5,812.7,810.9,808.5,807.95,806.85,804.9,804.9,802.95,801.0,799.3,798.95,797.65,791.5,789.1,787.15,787.15,786.15,785.6,784.8,784.15,784.05,783.8,783.55,780.75,780.6,779.7,778.85,778.25,778.25,777.4,777.4,776.25,774.0,774.0,772.15,772.15,772.15,771.15,771.15,770.6,769.1,767.95,767.95,767.65,767.65,767.1,766.65,766.35,764.95,764.8,764.65,763.4,763.1,763.05,763.05,762.55,762.55,762.4,762.3,762.3,762.3,762.3,762.15,760.8,760.4,760.15,760.15,760.15,760.15,760.15,759.75,759.75,759.75,759.7,759.65,759.65,759.45,759.0,757.65,757.55,757.35,757.35,757.35,757.15,756.85,756.85,756.7,756.4,755.65,755.55,755.45,733.45
HHOCVRP,E-n76-k8,735,788.6,7.2925,1.87,1774.35,1181.9,1026.85,887.85,882.15,880.55,871.35,864.55,861.4,861.4,859.7,855.05,855.05,855.05,852.05,852.05,852.05,851.0,848.35,848.35,847.3,847.3,846.7,846.15,846.15,843.7,843.7,841.1,839.2,837.1,836.85,836.45,836.45,836.45,835.45,835.15,832.95,832.95,832.95,832.25,831.9,831.9,830.85,829.7,829.4,828.9,828.55,827.65,827.4,826.65,826.25,825.95,824.2,824.05,823.75,823.75,822.4,821.95,821.95,821.05,821.05,821.05,820.8,820.8,820.8,820.8,819.95,819.95,819.95,819.95,819.95,819.8,819.75,819.75,819.75,819.75,819.6,819.6,819.5,819.5,819.3,818.8,818.45,817.75,817.75,817.75,817.75,817.6,817.55,817.25,817.25,817.05,816.75,816.7,816.2,816.2,816.2,816.15,815.45,788.6
HHOCVRP,E-n76-k10,830,888.4,7.0361,1.83,1624.45,1269.15,1136.45,991.0,974.6,969.0,965.8,963.2,959.0,956.8,956.75,955.8,953.85,953.8,953.7,952.65,951.45,951.3,950.65,949.25,947.35,946.4,944.7,943.4,941.45,941.45,941.25,941.25,940.3,940.1,940.1,940.1,939.75,939.0,938.9,938.25,937.6,937.45,937.05,935.65,934.7,933.7,933.7,933.55,932.7,932.7,932.7,932.7,932.7,931.3,931.3,930.25,929.6,929.45,929.35,927.85,926.85,926.8,926.15,924.85,924.85,922.8,922.65,922.3,921.5,921.5,921.0,921.0,920.45,918.9,917.6,917.5,917.15,916.5,916.5,916.5,916.5,916.5,916.45,916.0,915.95,915.95,915.95,915.95,915.95,915.6,915.4,914.95,914.9,914.9,914.85,914.7,914.4,913.95,913.9,913.0,912.85,912.8,912.8,888.4
HHOCVRP,E-n76-k14,1021,1087.65,6.5279,1.81,1878.6,1537.7,1404.95,1337.55,1275.1,1272.8,1205.4,1148.9,1147.75,1145.15,1143.3,1141.05,1138.85,1137.85,1137.5,1137.5,1136.7,1136.7,1136.35,1136.35,1135.65,1135.25,1135.25,1135.1,1134.6,1133.1,1132.55,1131.8,1130.8,1130.6,1130.6,1130.55,1130.35,1130.05,1130.05,1128.65,1128.5,1128.4,1127.5,1127.4,1126.35,1125.3,1125.2,1124.35,1123.45,1123.45,1122.5,1122.5,1122.15,1120.15,1119.3,1118.85,1117.9,1117.3,1116.65,1116.5,1116.5,1116.25,1115.8,1115.35,1115.35,1115.35,1114.8,1114.8,1114.6,1114.2,1113.35,1113.05,1113.05,1113.05,1112.4,1111.65,1111.6,1111.25,1111.25,1111.25,1111.2,1111.2,1111.2,1110.95,1110.95,1110.85,1110.75,1110.65,1110.4,1110.4,1110.4,1110.1,1110.1,1110.1,1110.0,1110.0,1110.0,1109.55,1108.95,1108.2,1108.2,1107.0,1107.0,1087.65
HHOCVRP,E-n101-k8,815,885.85,8.6933,2.91,2326.5,1647.9,1423.0,1223.15,1113.95,1002.55,999.15,995.0,990.35,987.55,980.25,975.8,973.45,973.45,970.05,969.65,967.55,966.15,962.45,960.4,959.65,959.05,958.45,957.3,955.3,954.05,954.05,953.15,952.1,951.5,950.25,950.25,950.25,949.8,949.35,949.35,947.8,947.8,947.4,947.3,946.65,945.5,945.5,945.5,945.5,945.5,945.5,944.05,943.2,942.75,940.35,938.3,937.75,936.55,936.55,936.05,936.05,936.05,936.05,935.7,934.9,934.0,934.0,932.45,932.45,932.0,931.5,931.5,931.5,931.0,930.7,930.65,929.85,929.85,929.85,929.85,929.85,929.0,928.85,928.85,928.85,928.45,928.45,928.25,927.65,927.65,927.4,927.4,927.4,927.35,927.35,927.35,927.35,927.2,927.15,927.15,927.15,926.95,926.3,885.85
HHOCVRP,E-n101-k14,1067,1168.65,9.5267,2.95,1990.7,1481.25,1384.75,1284.6,1282.15,1281.2,1280.7,1280.45,1277.25,1271.8,1266.7,1265.85,1264.15,1260.9,1260.55,1258.0,1256.9,1255.7,1255.7,1255.6,1253.25,1252.1,1247.9,1247.55,1246.65,1245.4,1243.4,1242.35,1241.15,1239.45,1239.45,1239.15,1239.15,1239.15,1237.7,1237.05,1236.05,1235.95,1235.4,1233.7,1233.7,1233.7,1232.75,1231.9,1231.3,1231.05,1228.5,1227.95,1227.4,1227.15,1227.0,1226.25,1226.15,1226.1,1225.45,1225.1,1224.85,1224.85,1224.0,1223.3,1221.45,1220.5,1220.0,1220.0,1220.0,1219.7,1219.5,1218.7,1218.7,1218.7,1218.6,1218.4,1218.4,1218.1,1218.1,1218.05,1218.05,1218.05,1218.05,1218.0,1217.45,1217.45,1217.4,1217.4,1217.1,1216.9,1216.9,1216.9,1216.9,1216.35,1216.35,1216.2,1214.3,1214.15,1213.45,1213.3,1212.8,1212.25,1212.1,1168.65
HHOCVRP,F-n45-k4,724,743.35,2.6727,0.88,1554.85,1014.9,997.2,832.4,822.4,820.95,810.05,800.55,793.75,792.8,791.1,787.5,784.1,784.0,783.75,782.75,776.9,776.5,775.25,774.35,772.2,772.2,771.95,770.85,770.85,767.7,767.15,766.9,766.45,766.2,765.9,765.7,765.7,765.35,765.3,765.25,765.25,764.8,764.75,764.2,763.75,763.75,763.75,763.75,763.7,763.7,763.55,763.55,763.5,762.8,762.65,761.35,761.35,761.25,761.25,760.95,760.95,759.95,759.65,759.65,759.4,759.4,757.25,757.25,757.25,757.2,757.2,757.15,757.15,757.15,757.15,757.15,757.15,757.15,756.75,756.75,756.75,756.75,756.75,756.75,756.75,756.75,756.45,756.45,756.45,756.45,756.4,756.35,756.2,756.2,755.9,755.9,755.9,755.25,755.25,755.25,755.25,754.6,754.15,743.35
HHOCVRP,F-n72-k4,237,248.0,4.6414,1.58,1007.3,535.95,368.8,327.7,324.05,284.5,283.5,278.05,276.05,274.9,274.7,274.4,274.15,273.85,273.45,271.6,271.5,271.3,269.7,268.55,268.4,267.95,267.75,266.65,266.6,266.35,266.35,266.35,266.35,265.25,265.05,264.9,264.7,264.7,264.45,264.25,264.1,264.1,263.0,262.15,262.15,262.05,261.9,261.75,261.6,261.4,261.0,260.65,259.6,259.55,259.0,258.25,258.0,257.9,257.9,257.9,257.8,257.5,257.35,256.8,256.45,256.4,256.35,256.25,256.25,256.2,256.2,256.1,256.05,256.05,255.75,255.75,255.75,255.75,255.75,255.7,255.7,255.7,255.7,255.7,255.7,255.65,255.65,255.6,255.6,255.6,255.55,255.55,255.25,255.25,255.05,255.05,255.0,255.0,255.0,254.9,254.9,254.9,254.9,248.0
HHOCVRP,F-n135-k7,1162,1217.05,4.7375,4.74,4893.55,3650.75,2952.55,1793.05,1782.3,1566.4,1554.1,1354.15,1346.05,1346.05,1340.65,1336.3,1329.75,1326.55,1325.25,1323.75,1315.7,1315.7,1315.7,1315.65,1314.5,1312.7,1309.4,1308.65,1306.1,1305.4,1305.1,1302.2,1299.85,1295.45,1295.45,1294.95,1292.05,1290.5,1289.45,1286.5,1286.0,1283.5,1282.75,1282.2,1282.0,1282.0,1282.0,1281.95,1279.3,1278.0,1276.9,1276.6,1276.05,1276.0,1275.35,1275.35,1275.2,1274.7,1274.2,1274.2,1273.8,1273.8,1273.75,1273.75,1273.75,1272.85,1272.75,1272.05,1272.05,1272.05,1272.05,1271.7,1271.6,1271.4,1268.95,1268.95,1267.95,1267.95,1267.95,1267.95,1267.6,1267.6,1267.6,1267.6,1267.6,1267.6,1267.6,1267.6,1267.6,1267.6,1267.45,1267.4,1267.05,1267.05,1266.85,1266.85,1266.1,1265.9,1265.9,1265.75,1265.75,1265.25,1264.9,1217.05
HHOCVRP,M-n101-k10,820,901.85,9.9817,2.54,3321.85,2453.85,1649.1,1387.45,1374.25,1133.95,1027.0,1014.1,1003.55,995.9,991.1,989.95,986.05,986.05,986.05,985.75,985.25,980.6,980.3,977.8,975.0,973.85,973.85,973.55,972.9,971.3,971.3,965.0,963.5,963.3,962.55,961.2,959.35,959.0,958.7,958.4,958.4,957.45,956.95,956.8,955.75,954.95,954.0,954.0,954.0,952.85,952.75,951.8,951.6,951.3,950.1,948.4,946.05,946.05,945.95,943.75,943.45,943.4,943.2,943.1,942.75,941.8,941.55,941.3,941.2,941.1,941.1,940.85,940.85,940.6,940.45,940.45,940.45,939.55,939.55,939.55,938.55,938.5,938.5,938.5,938.0,938.0,937.95,937.8,937.5,937.1,937.05,937.0,937.0,936.9,936.55,936.4,936.0,936.0,934.6,934.6,934.45,934.25,934.05,901.85
HHOCVRP,M-n121-k7,1034,1078.25,4.2795,3.69,4834.35,2637.9,2363.75,2137.5,1489.1,1479.1,1472.9,1465.45,1245.35,1244.35,1242.45,1236.9,1229.0,1224.55,1223.7,1218.6,1212.9,1210.6,1210.6,1209.4,1204.8,1185.95,1185.95,1177.85,1177.85,1175.45,1172.75,1172.7,1172.4,1162.15,1159.2,1159.2,1158.45,1157.25,1157.2,1155.95,1154.6,1154.05,1152.0,1151.55,1150.2,1149.2,1147.9,1143.65,1142.9,1142.1,1140.0,1138.1,1135.15,1133.85,1132.65,1132.05,1131.1,1130.25,1129.9,1127.9,1127.45,1126.15,1124.4,1124.0,1123.9,1123.9,1123.75,1123.75,1123.5,1122.9,1122.6,1121.8,1121.8,1121.35,1121.35,1121.35,1121.35,1121.35,1120.5,1120.5,1120.5,1120.05,1120.05,1120.05,1120.05,1120.05,1119.75,1119.7,1119.7,1119.15,1119.15,1118.95,1118.7,1118.7,1118.7,1118.55,1118.25,1117.35,1117.35,1117.1,1116.8,1116.8,1116.75,1078.25
HHOCVRP,M-n151-k12,1015,1136.6,11.9803,5.81,2861.15,2325.3,1457.65,1287.25,1279.9,1274.55,1271.75,1269.0,1261.4,1254.6,1253.45,1253.45,1244.35,1241.65,1240.35,1238.85,1238.85,1238.85,1237.45,1234.35,1234.0,1234.0,1234.0,1232.15,1230.3,1227.5,1226.8,1223.25,1221.65,1221.55,1221.35,1219.5,1219.35,1215.6,1214.4,1213.65,1213.65,1213.5,1213.5,1212.6,1212.6,1212.6,1209.65,1209.65,1208.95,1208.9,1208.0,1207.0,1205.9,1203.85,1203.85,1200.8,1200.8,1200.55,1200.55,1200.05,1200.05,1200.05,1200.05,1199.85,1199.55,1199.4,1198.45,1198.45,1197.4,1196.95,1196.75,1196.3,1196.3,1196.3,1196.3,1196.3,1196.3,1196.3,1196.0,1195.9,1195.9,1195.9,1195.9,1195.9,1195.9,1195.9,1195.3,1195.3,1195.1,1195.1,1194.75,1194.75,1194.6,1194.6,1194.2,1194.2,1193.9,1193.65,1193.65,1193.65,1193.65,1192.8,1192.1,1136.6
HHOCVRP,M-n200-k16,1274,1427.4,12.0408,9.72,4685.6,3468.4,2515.65,1811.55,1798.15,1793.4,1785.1,1555.85,1555.85,1552.7,1548.3,1543.0,1539.85,1536.65,1535.75,1534.6,1533.1,1532.3,1531.9,1531.85,1528.95,1527.45,1527.4,1526.4,1526.1,1526.1,1524.55,1523.0,1523.0,1520.25,1520.25,1520.25,1520.0,1519.25,1519.0,1518.75,1518.45,1517.7,1515.95,1515.45,1513.9,1511.4,1511.1,1509.25,1507.85,1506.0,1505.05,1503.25,1503.1,1502.0,1501.75,1500.95,1500.95,1500.35,1500.35,1500.35,1499.4,1499.1,1496.5,1495.65,1495.65,1495.05,1495.0,1494.85,1494.85,1494.3,1492.65,1491.85,1489.85,1489.85,1489.7,1489.7,1489.7,1489.7,1489.65,1489.65,1489.65,1489.55,1489.55,1489.55,1489.55,1489.55,1489.45,1489.45,1489.45,1489.45,1489.3,1489.05,1489.05,1489.05,1489.0,1489.0,1488.9,1488.65,1488.65,1488.35,1488.2,1488.2,1487.75,1427.4
HHOCVRP,M-n200-k17,1275,1425.85,11.8314,9.14,4449.45,2980.4,2276.15,2037.25,2030.65,1799.7,1561.95,1559.0,1559.0,1556.3,1553.5,1552.85,1548.85,1548.85,1546.15,1545.3,1542.85,1542.7,1533.7,1532.3,1528.65,1527.75,1526.75,1526.75,1525.65,1522.75,1522.35,1521.45,1520.95,1520.9,1514.9,1513.4,1513.2,1512.35,1512.35,1510.9,1510.45,1510.45,1509.6,1509.6,1509.25,1507.35,1507.35,1507.05,1505.3,1504.35,1503.55,1503.55,1502.95,1500.4,1500.4,1500.2,1500.2,1499.1,1497.95,1497.95,1497.95,1497.95,1497.95,1497.95,1497.95,1497.95,1497.6,1497.5,1497.35,1497.35,1497.35,1497.35,1497.25,1497.25,1496.45,1496.35,1496.35,1496.05,1495.9,1495.9,1495.7,1495.7,1495.7,1495.7,1495.7,1495.7,1495.7,1495.7,1495.7,1495.7,1495.7,1495.7,1495.55,1495.55,1494.85,1494.85,1494.6,1494.6,1494.2,1494.05,1493.65,1493.2,1492.7,1425.85
HHOCVRP,P-n16-k8,450,450.55,0.1222,0.3,501.6,484.95,478.1,471.75,469.4,464.75,462.0,461.9,461.0,459.25,459.05,458.55,458.55,457.8,457.35,457.05,455.65,455.45,455.3,454.9,454.9,454.9,454.8,454.8,454.8,454.8,454.5,454.1,454.1,454.1,453.9,453.9,453.8,453.8,453.7,453.25,453.15,452.85,452.7,452.7,452.7,452.7,452.7,452.7,452.7,452.55,452.55,452.55,452.25,451.4,451.1,451.1,451.1,451.1,450.85,450.85,450.85,450.85,450.85,450.85,450.85,450.85,450.85,450.85,450.85,450.85,450.85,450.55,450.55,450.55,450.55,450.55,450.55,450.55,450.55,450.55,450.55,450.55,450.55,450.55,450.55,450.55,450.55,450.55,450.55,450.55,450.55,450.55,450.55,450.55,450.55,450.55,450.55,450.55,450.55,450.55,450.55,450.55,450.55,450.55
HHOCVRP,P-n19-k2,212,214.1,0.9906,0.34,288.4,252.65,242.95,234.1,231.7,228.65,227.3,226.45,225.7,225.05,224.3,224.15,223.7,222.85,222.35,222.05,221.5,221.5,221.15,220.85,220.1,220.1,219.8,219.6,219.6,219.6,219.4,219.4,219.35,219.2,219.2,219.1,218.9,218.6,218.6,217.85,217.8,217.6,217.6,217.6,217.6,217.6,217.3,217.2,217.0,217.0,216.75,216.75,216.55,216.55,216.55,216.35,216.35,216.35,216.35,216.35,216.35,216.35,216.35,216.35,216.35,216.05,216.05,216.05,216.05,216.05,215.5,215.5,215.5,215.5,215.2,215.2,214.8,214.8,214.8,214.8,214.8,214.8,214.8,214.75,214.75,214.75,214.45,214.45,214.45,214.45,214.45,214.45,214.45,214.45,214.45,214.45,214.45,214.45,214.45,214.45,214.45,214.45,214.45,214.1
HHOCVRP,P-n20-k2,216,216.6,0.2778,0.36,334.0,280.95,251.85,242.65,235.35,233.3,231.95,229.8,228.1,226.85,226.7,226.0,225.9,225.35,224.8,224.8,224.8,224.8,224.05,223.9,222.65,221.95,221.2,220.7,220.7,220.7,220.7,220.7,220.65,220.6,220.6,220.55,220.55,220.5,220.45,220.35,220.35,220.25,220.1,219.75,219.7,219.5,219.5,219.4,219.4,219.4,219.35,219.3,219.0,218.55,218.5,218.45,218.45,218.4,218.4,218.4,218.3,218.3,218.25,218.2,218.15,218.05,218.0,217.9,217.85,217.8,217.8,217.55,217.55,217.55,217.4,217.3,217.3,217.3,217.3,217.25,217.25,217.25,217.25,217.25,217.2,217.2,217.15,217.1,217.1,217.1,217.05,217.05,217.05,217.05,217.05,217.05,217.05,217.05,217.05,217.05,217.05,217.05,217.05,216.6
HHOCVRP,P-n21-k2,211,211.0,0.0,0.37,309.2,274.95,261.75,236.4,234.3,226.4,223.9,222.45,222.2,221.35,219.85,219.3,218.55,218.25,216.45,216.35,216.3,216.15,215.75,215.7,215.6,215.55,215.3,214.9,214.55,214.55,214.45,214.15,213.8,213.75,213.75,213.7,213.55,213.5,213.5,213.4,213.35,213.25,213.1,212.9,212.7,212.7,212.7,212.7,212.45,212.45,212.4,212.4,212.3,211.8,211.8,211.75,211.65,211.65,211.65,211.6,211.6,211.6,211.6,211.6,211.6,211.6,211.6,211.6,211.6,211.6,211.5,211.5,211.5,211.5,211.45,211.45,211.45,211.45,211.45,211.45,211.45,211.45,211.45,211.45,211.45,211.45,211.45,211.45,211.45,211.45,211.45,211.45,211.45,211.45,211.45,211.45,211.45,211.45,211.4,211.4,211.4,211.4,211.35,211.0
HHOCVRP,P-n22-k2,216,216.0,0.0,0.4,342.4,265.55,250.6,239.45,237.15,230.85,228.5,226.0,225.1,224.15,222.9,222.65,222.2,222.1,221.8,221.65,221.35,221.25,221.25,221.0,220.4,220.4,220.35,220.25,220.25,219.95,219.95,219.75,219.75,219.75,219.75,219.55,219.3,219.3,219.1,219.05,218.85,218.75,218.75,218.75,218.7,218.7,218.7,218.55,218.3,218.3,218.25,218.05,217.85,217.85,217.85,217.8,217.8,217.8,217.55,217.5,217.5,217.45,217.45,217.45,217.45,217.35,217.25,217.25,217.25,217.2,217.2,217.2,217.2,217.2,217.2,217.2,217.2,217.2,217.2,217.2,217.2,217.2,217.2,217.2,217.2,217.2,217.2,217.2,217.2,217.2,217.2,217.2,217.2,217.2,217.2,217.2,217.2,217.2,217.2,217.2,217.2,217.2,217.2,216.0
HHOCVRP,P-n22-k8,603,602.75,-0.0415,0.39,772.35,715.55,690.7,671.85,665.9,659.15,653.65,648.4,642.7,642.35,640.15,636.7,636.0,633.9,631.35,629.35,628.45,628.35,627.4,625.45,625.4,621.55,621.25,619.85,619.8,619.05,618.75,618.75,618.05,617.4,617.4,616.75,616.75,615.8,614.7,613.85,613.7,613.55,613.35,613.35,613.1,612.95,612.9,612.4,611.7,611.05,611.05,610.95,610.7,610.2,610.1,609.75,609.5,609.5,609.5,609.45,608.95,608.9,608.9,608.55,608.15,608.15,607.9,607.9,607.3,607.3,607.3,607.3,607.3,607.3,606.7,606.55,606.55,606.5,606.45,605.25,605.25,605.25,604.95,604.95,604.95,604.9,604.9,604.9,604.9,604.9,604.9,604.8,604.8,604.25,604.25,604.15,604.15,603.9,603.8,603.8,603.8,603.8,603.8,602.75
HHOCVRP,P-n23-k8,529,537.1,1.5312,0.44,642.2,607.25,592.45,583.25,575.25,570.4,567.85,565.35,563.7,563.05,562.7,560.6,560.05,559.35,558.1,556.85,556.1,554.3,552.05,551.65,550.35,549.4,549.1,549.1,548.95,548.75,548.05,547.0,547.0,546.75,546.25,546.25,545.75,545.6,545.35,545.2,544.65,544.5,544.45,544.45,544.3,544.15,544.0,543.3,543.15,542.95,542.9,542.6,542.45,542.4,541.95,541.85,541.15,540.65,540.65,540.65,540.35,539.95,539.95,539.95,539.85,539.85,539.85,539.85,539.85,539.75,539.75,539.75,539.75,539.75,539.55,539.55,539.55,539.55,539.3,539.3,539.3,539.3,539.3,539.3,539.25,539.2,538.85,538.85,538.85,538.65,538.65,538.65,538.55,538.5,538.5,538.5,538.4,538.3,538.1,537.45,537.45,537.45,537.35,537.1
HHOCVRP,P-n40-k5,458,479.45,4.6834,0.76,971.9,842.3,696.15,619.35,592.55,536.8,529.7,528.35,524.45,523.6,521.8,520.5,520.4,518.35,518.35,517.6,517.1,515.65,513.75,512.65,510.9,510.15,509.9,508.95,508.95,508.2,508.2,507.4,506.7,506.2,505.95,505.45,503.05,503.05,501.9,501.35,501.0,500.9,500.45,499.95,499.85,499.2,499.0,499.0,498.15,497.95,497.95,497.55,496.4,496.3,495.6,495.3,495.2,495.2,494.75,493.55,493.55,493.55,493.1,492.55,492.2,491.95,491.95,491.45,491.25,491.05,490.6,490.6,490.6,490.6,490.25,489.5,489.5,489.5,489.3,489.25,489.25,489.25,489.25,489.25,489.25,488.75,488.5,488.5,488.25,488.1,487.65,487.65,487.65,487.65,487.6,487.5,487.25,486.9,486.85,486.6,486.5,485.8,485.8,479.45
HHOCVRP,P-n45-k5,510,526.35,3.2059,0.88,1084.75,848.55,702.2,619.45,584.9,580.6,578.5,577.95,571.95,568.75,566.6,566.0,564.95,563.1,562.75,562.75,561.8,561.8,561.3,561.15,559.9,559.9,559.9,558.5,558.5,556.15,554.75,554.75,554.65,554.6,554.6,554.3,553.45,552.65,552.1,551.5,551.2,549.95,549.95,549.95,549.95,549.7,549.6,549.3,549.3,549.3,549.2,549.05,548.9,548.05,547.7,547.45,547.4,547.25,547.25,547.05,546.95,545.85,544.65,544.65,544.4,543.75,543.75,543.1,543.05,543.05,542.4,541.7,541.35,540.65,540.65,540.65,540.15,540.15,540.15,540.15,540.0,539.95,539.95,539.9,539.55,539.55,539.2,538.75,538.65,538.65,538.65,538.65,537.4,537.1,536.75,536.75,536.75,536.75,536.75,536.7,536.7,536.5,536.05,526.35
HHOCVRP,P-n50-k7,554,579.25,4.5578,1.04,1046.3,842.0,761.25,651.6,643.45,642.1,636.4,629.05,623.85,623.85,622.1,620.55,619.8,618.7,618.0,617.55,615.6,614.5,614.2,613.5,612.95,612.5,612.2,612.2,611.75,611.75,611.6,610.15,609.5,609.5,608.15,607.4,606.3,605.75,605.45,605.15,605.15,605.15,604.15,604.15,604.15,603.2,603.05,602.35,602.1,601.15,601.05,599.8,599.45,598.9,598.8,598.75,598.5,597.5,597.5,597.3,597.25,597.25,596.6,596.1,595.9,595.9,595.8,595.8,595.8,595.8,594.75,594.65,594.15,593.55,593.55,593.55,592.8,592.8,592.8,592.55,592.5,592.5,592.5,592.5,592.5,592.5,592.35,592.35,591.8,591.65,591.1,591.1,591.05,590.35,590.35,590.35,590.25,590.25,590.1,590.1,590.1,589.9,589.75,579.25
HHOCVRP,P-n50-k8,631,655.15,3.8273,1.01,1232.05,1105.3,825.35,753.4,711.25,708.25,705.3,705.15,702.25,699.3,697.6,697.6,696.85,695.8,694.05,691.15,690.85,690.85,689.1,688.75,688.15,688.15,687.95,687.6,686.95,686.6,686.0,685.6,685.3,685.2,685.2,685.05,684.95,683.15,682.65,681.5,681.5,681.2,681.2,681.0,681.0,680.3,677.75,677.45,676.35,675.6,675.6,673.8,673.2,671.85,671.85,671.85,671.75,671.3,671.2,671.2,671.2,671.15,671.1,671.0,671.0,670.7,670.6,669.85,669.85,669.6,669.45,669.45,669.3,669.3,669.15,669.15,668.85,668.8,668.25,668.1,668.1,668.05,668.05,668.05,668.05,668.05,667.95,667.95,667.95,667.8,666.8,666.55,666.55,665.85,665.25,665.05,664.95,664.7,664.7,664.4,664.3,664.1,664.1,655.15
HHOCVRP,P-n50-k10,696,732.5,5.2443,1.04,1102.25,894.0,855.15,849.8,780.15,779.45,777.25,777.25,775.1,771.85,771.3,768.85,767.65,766.3,765.8,765.8,764.8,764.8,763.55,763.35,763.05,763.05,763.05,762.4,761.5,761.5,761.2,758.55,758.5,758.1,757.65,757.35,757.15,757.15,757.0,756.5,755.7,755.7,755.35,755.35,755.35,755.0,754.95,754.5,754.5,754.2,754.1,754.0,753.25,752.5,752.1,751.65,750.95,750.0,748.2,748.2,747.75,747.1,747.1,746.15,746.15,746.15,745.75,745.7,745.25,745.25,745.2,744.85,744.7,744.7,744.7,744.25,744.05,744.05,744.05,744.05,743.8,743.8,743.35,743.1,743.1,743.1,743.1,743.1,743.1,743.0,742.8,742.8,742.6,742.4,742.2,742.05,741.7,741.3,740.9,740.9,740.9,740.9,740.45,732.5
HHOCVRP,P-n51-k10,741,776.55,4.7976,1.06,1303.4,1069.6,1020.3,876.45,871.6,836.2,832.95,827.45,826.0,822.1,822.1,821.25,820.8,819.15,819.15,818.9,818.8,818.8,817.75,817.75,814.45,813.0,811.8,810.85,810.05,808.95,808.8,807.55,807.1,806.65,806.35,805.05,804.35,804.35,804.35,804.35,803.45,803.45,803.05,802.6,802.6,801.6,801.6,801.6,800.55,798.85,798.85,798.35,798.35,797.75,797.75,797.6,796.85,795.7,795.7,795.05,794.85,794.8,794.25,792.8,792.8,792.55,792.4,792.4,792.4,792.15,792.05,791.95,791.8,791.8,791.4,791.25,791.25,791.15,791.05,791.05,791.0,791.0,791.0,790.75,790.7,790.6,790.6,790.3,790.3,790.05,790.05,790.05,789.8,789.8,789.35,788.7,788.65,788.45,788.35,788.05,788.05,787.9,787.8,776.55
HHOCVRP,P-n55-k7,568,594.6,4.6831,1.17,1080.05,846.0,714.9,709.05,706.1,654.75,652.15,650.45,649.9,648.35,647.1,646.55,644.2,643.3,638.05,635.8,634.15,632.55,632.55,632.35,632.35,630.85,630.85,630.85,629.7,628.75,626.5,626.1,625.2,625.2,624.6,624.0,623.3,623.3,621.1,621.05,620.15,619.35,618.45,618.45,617.55,616.8,616.15,616.0,614.95,614.95,614.55,614.25,614.0,613.9,613.35,612.4,612.2,609.95,609.9,609.9,609.9,609.9,609.9,609.35,608.95,608.95,608.65,608.1,608.0,607.7,607.65,607.65,607.6,607.6,607.45,607.2,607.05,606.95,606.55,606.55,606.55,606.55,606.55,606.35,606.2,606.1,605.7,605.7,605.7,605.7,605.7,605.7,605.7,605.7,605.65,605.4,605.4,604.8,604.7,604.7,604.6,604.5,604.0,594.6
HHOCVRP,P-n55-k10,694,718.4,3.5159,1.21,1326.9,995.85,907.9,821.7,811.35,773.75,771.65,765.75,763.4,761.05,758.35,757.8,757.35,757.15,754.6,753.0,752.3,751.35,750.25,749.35,749.0,749.0,749.0,747.2,747.05,746.45,746.45,746.45,745.45,745.45,744.5,744.25,743.7,743.2,743.2,742.5,742.5,741.7,741.1,741.1,740.95,740.05,739.4,739.35,738.65,738.25,737.15,737.15,737.15,736.6,736.0,735.2,735.2,735.15,734.5,734.05,733.9,733.5,733.25,733.25,732.8,732.35,732.35,732.25,732.25,731.95,731.95,731.75,731.75,731.75,731.75,731.6,731.6,731.6,731.6,731.6,731.6,731.4,730.95,730.95,730.95,730.8,730.5,730.4,730.4,729.8,729.8,729.8,729.6,729.5,729.1,729.05,728.85,728.0,727.65,727.55,727.2,727.2,727.2,718.4
HHOCVRP,P-n55-k15,989,975.6,-1.3549,1.16,1381.75,1149.05,1084.4,1082.35,1078.5,1043.8,1037.4,1036.8,1033.45,1032.65,1029.3,1027.3,1026.35,1025.2,1024.6,1023.5,1019.95,1019.65,1018.55,1017.8,1015.75,1015.75,1015.4,1013.05,1012.75,1009.7,1009.7,1009.7,1009.45,1009.35,1008.8,1008.8,1008.7,1008.5,1008.25,1007.9,1005.85,1005.8,1004.4,1003.35,1002.8,1002.45,1002.1,1001.5,999.8,998.95,998.95,997.9,997.5,997.45,997.35,996.7,995.45,994.75,994.75,994.3,994.25,994.0,993.9,992.45,991.15,991.15,991.15,991.15,991.15,989.35,989.3,989.3,988.7,987.85,987.55,987.1,987.1,986.85,986.85,986.75,986.65,986.45,986.2,986.2,986.15,985.95,985.95,985.75,985.6,985.35,985.35,984.4,984.35,984.3,984.3,983.85,983.3,983.3,982.95,982.75,982.75,982.55,982.45,975.6
HHOCVRP,P-n60-k10,744,786.4,5.6989,1.32,1312.1,1111.65,873.1,869.45,860.2,852.2,848.15,844.35,842.25,840.65,838.9,837.1,836.9,835.9,835.55,833.3,832.45,832.45,832.3,832.3,828.55,828.15,827.95,826.35,825.7,825.65,825.65,823.6,823.5,823.5,823.45,822.55,822.55,822.45,821.35,821.05,819.95,819.2,819.15,818.65,818.5,818.5,817.55,816.6,815.85,815.8,815.75,815.75,814.85,814.85,814.85,813.65,813.35,811.8,811.8,811.3,811.3,811.3,811.1,810.35,809.55,809.25,809.25,809.25,809.25,808.45,807.85,807.05,807.05,806.1,806.1,806.1,806.05,806.05,806.0,805.95,805.9,805.75,805.35,805.35,804.95,804.95,804.95,804.85,804.85,804.7,804.6,804.6,804.6,804.4,803.65,803.1,803.1,803.05,802.75,802.75,802.6,802.35,802.2,786.4
HHOCVRP,P-n60-k15,968,1021.3,5.5062,1.32,1637.05,1381.35,1177.75,1134.95,1128.15,1120.85,1081.95,1081.3,1079.5,1079.05,1077.5,1075.15,1072.85,1072.45,1071.3,1070.1,1069.35,1068.6,1067.55,1066.65,1066.45,1065.5,1065.1,1063.95,1062.9,1062.9,1062.75,1062.55,1061.1,1060.4,1060.4,1060.3,1059.3,1059.3,1058.9,1058.05,1057.05,1056.55,1055.7,1054.95,1053.75,1052.75,1052.75,1051.75,1051.75,1051.4,1050.6,1049.5,1049.25,1049.25,1048.85,1048.55,1047.5,1047.5,1047.2,1045.85,1045.8,1045.8,1045.6,1045.6,1045.6,1045.3,1045.2,1044.55,1044.4,1044.4,1044.05,1043.4,1043.4,1043.0,1042.75,1042.75,1042.5,1042.45,1042.45,1042.4,1041.9,1041.55,1041.55,1041.45,1041.1,1041.1,1040.8,1040.5,1040.35,1040.35,1040.0,1039.8,1039.4,1039.2,1038.95,1038.5,1038.35,1038.25,1037.7,1037.35,1036.7,1036.5,1036.5,1021.3
HHOCVRP,P-n65-k10,792,837.15,5.7008,1.46,1545.1,1362.8,1083.65,971.6,917.2,915.9,913.85,912.6,909.85,909.3,905.75,903.15,902.85,902.4,901.5,895.8,894.4,893.1,893.1,892.15,888.8,886.7,885.8,884.45,884.45,883.45,883.45,883.05,882.9,881.4,880.25,879.65,879.45,879.1,878.25,875.9,875.0,875.0,874.35,873.35,872.45,872.45,871.85,871.85,871.85,871.5,871.3,871.1,870.7,869.45,866.5,865.7,865.7,865.35,865.35,864.9,863.5,863.5,863.2,863.2,862.4,862.35,862.35,862.1,861.95,861.9,861.5,861.5,861.5,861.1,861.1,861.1,860.95,860.8,860.6,860.6,860.6,860.3,860.15,860.1,860.1,860.0,859.35,859.35,859.35,859.25,859.2,858.85,858.4,857.8,857.25,857.25,857.05,856.55,856.25,855.95,855.4,855.1,855.1,837.15
HHOCVRP,P-n70-k10,827,878.75,6.2576,1.64,1585.05,1207.6,1025.15,966.4,965.1,958.65,954.15,952.6,950.8,950.5,948.6,946.4,946.25,944.0,942.95,942.2,941.85,941.35,939.9,938.45,936.25,933.95,931.6,930.6,930.5,930.25,929.65,928.5,928.5,928.15,928.15,926.5,925.75,925.6,923.7,922.95,922.95,922.95,921.85,921.0,920.05,920.05,919.95,919.6,919.3,918.6,917.65,916.2,915.55,915.55,915.05,915.05,914.95,914.75,914.0,912.15,911.75,911.25,911.15,910.9,910.05,908.85,908.85,908.85,908.85,908.15,908.0,907.7,907.2,907.2,907.15,907.15,907.15,907.05,907.05,907.05,907.05,906.85,906.85,906.7,906.7,906.25,906.05,905.5,905.5,905.4,905.3,904.85,904.8,904.55,904.2,904.15,903.6,903.25,902.8,902.8,902.55,902.5,902.2,878.75
HHOCVRP,P-n76-k4,593,628.6,6.0034,1.93,1807.5,1104.8,945.05,785.0,710.35,704.4,697.95,696.25,695.6,691.4,687.3,683.75,680.05,679.15,679.15,678.0,677.35,676.5,675.6,675.6,674.9,674.9,674.3,673.7,673.25,672.9,671.4,670.75,669.2,668.85,668.85,668.0,667.95,667.95,665.45,664.0,664.0,664.0,663.1,662.65,662.2,662.2,661.55,660.15,660.0,660.0,659.9,658.6,658.2,656.75,656.1,655.7,654.45,654.4,654.05,653.75,651.3,651.3,650.65,649.6,649.6,649.45,649.3,648.8,648.8,648.8,648.75,648.45,648.05,648.05,648.05,647.95,647.6,647.4,647.4,647.4,647.4,647.1,646.75,646.75,646.75,646.75,646.75,646.75,646.6,646.5,646.25,646.25,646.15,646.15,646.15,646.1,646.1,646.1,645.7,645.7,645.7,645.6,645.15,628.6
HHOCVRP,P-n76-k5,627,665.45,6.1324,1.85,1674.45,1430.25,1049.45,901.55,823.45,817.0,813.15,742.35,738.5,735.95,735.35,732.8,730.0,728.85,727.3,726.65,726.15,724.85,720.6,720.1,719.25,719.25,718.3,714.85,714.6,714.0,713.6,713.6,713.6,711.65,711.5,710.9,710.35,708.25,706.85,706.4,705.8,704.5,702.0,701.05,700.45,699.85,699.15,698.9,697.9,696.85,696.3,696.25,696.25,696.1,696.1,695.5,694.75,694.75,694.35,693.75,693.35,692.15,692.15,691.15,690.3,690.25,689.15,689.15,688.7,688.7,688.7,687.9,687.9,687.9,687.9,687.75,687.75,687.5,687.5,687.5,687.5,687.25,687.25,687.25,687.25,686.75,686.75,686.75,686.75,685.85,685.85,685.8,685.6,685.5,685.45,684.6,684.45,684.45,684.1,684.1,683.8,683.8,683.8,665.45
HHOCVRP,P-n101-k4,681,729.0,7.0485,2.95,2201.5,1728.95,1169.1,1053.35,824.8,819.65,818.1,805.3,802.5,797.4,796.95,795.6,791.6,785.55,785.55,784.4,783.4,782.25,778.75,778.6,776.75,774.75,773.95,773.6,772.1,770.45,769.45,768.7,768.7,768.45,767.2,767.2,767.2,767.1,766.65,766.65,765.2,764.4,763.8,762.75,762.75,762.75,762.75,761.45,760.6,759.45,759.35,759.3,758.35,758.35,758.35,757.45,756.65,756.65,755.1,755.1,754.8,754.45,754.35,754.35,754.35,753.9,753.6,753.6,753.55,753.55,753.15,752.95,752.65,752.65,752.65,752.65,752.65,752.65,752.65,752.65,752.55,752.55,752.55,752.55,752.55,752.5,752.5,752.5,752.5,752.0,752.0,752.0,752.0,752.0,752.0,752.0,751.65,751.65,751.65,751.45,751.45,751.35,751.2,729.0
