Optimizer,Instance,BKS,BS,Gap,ExecutionTime,Iter1,Iter2,Iter3,Iter4,Iter5,Iter6,Iter7,Iter8,Iter9,Iter10,Iter11,Iter12,Iter13,Iter14,Iter15,Iter16,Iter17,Iter18,Iter19,Iter20,Iter21,Iter22,Iter23,Iter24,Iter25,Iter26,Iter27,Iter28,Iter29,Iter30,Iter31,Iter32,Iter33,Iter34,Iter35,Iter36,Iter37,Iter38,Iter39,Iter40,Iter41,Iter42,Iter43,Iter44,Iter45,Iter46,Iter47,Iter48,Iter49,Iter50,Iter51,Iter52,Iter53,Iter54,Iter55,Iter56,Iter57,Iter58,Iter59,Iter60,Iter61,Iter62,Iter63,Iter64,Iter65,Iter66,Iter67,Iter68,Iter69,Iter70,Iter71,Iter72,Iter73,Iter74,Iter75,Iter76,Iter77,Iter78,Iter79,Iter80,Iter81,Iter82,Iter83,Iter84,Iter85,Iter86,Iter87,Iter88,Iter89,Iter90,Iter91,Iter92,Iter93,Iter94,Iter95,Iter96,Iter97,Iter98,Iter99,Iter100
HHOCVRP,A-n32-k5,784,805.0,2.6786,0.55,1340.75,1043.1,946.9,929.35,921.4,873.6,858.8,851.5,850.85,849.15,848.95,848.55,841.35,839.45,839.45,838.45,837.0,837.0,832.85,832.5,831.9,831.9,831.9,831.9,830.25,828.15,828.15,828.05,827.85,827.85,827.85,827.85,827.65,827.65,827.65,827.4,827.35,827.25,827.25,827.05,826.95,826.95,826.75,826.75,826.75,826.5,826.25,826.25,826.25,826.25,826.15,825.8,825.8,825.55,825.55,825.55,825.55,825.55,825.55,825.55,825.4,824.95,824.95,824.8,824.8,824.7,824.7,824.7,824.7,824.7,824.7,824.5,824.25,824.25,824.25,824.1,824.05,823.8,823.8,823.7,823.7,823.4,823.4,823.4,823.15,822.7,822.5,821.95,821.95,821.95,821.95,821.95,821.95,821.95,821.65,821.6,821.6,821.4,821.25,805.0
HHOCVRP,A-n33-k5,661,679.7,2.829,0.55,1188.1,936.95,861.8,810.75,774.7,770.35,766.2,762.25,759.75,755.3,750.45,726.65,725.6,725.2,724.5,721.45,720.75,719.25,718.4,715.8,714.75,712.9,712.8,711.55,711.55,711.55,711.4,710.8,710.5,710.5,710.2,709.3,708.85,708.1,707.8,707.8,707.2,706.15,705.75,704.3,704.2,702.25,700.4,700.25,700.25,700.15,699.75,697.55,697.4,697.05,697.05,697.0,696.7,696.7,696.4,696.4,696.4,696.2,695.6,694.9,694.55,694.55,694.1,693.75,693.15,692.45,692.1,691.0,690.45,690.4,690.4,690.4,689.45,688.7,688.1,688.1,688.1,688.1,688.1,688.0,688.0,687.7,687.5,687.5,687.5,687.5,687.5,687.5,687.35,687.3,687.05,687.0,687.0,687.0,686.8,686.8,686.15,686.15,685.95,679.7
HHOCVRP,A-n33-k6,742,750.95,1.2062,0.56,1332.8,1129.4,933.25,866.8,829.4,816.85,808.7,807.05,804.35,798.05,796.95,794.9,792.55,792.55,790.45,786.55,784.7,782.55,781.4,778.3,776.55,774.85,774.45,773.75,773.6,773.45,773.35,770.55,770.5,770.45,770.1,770.0,769.9,768.5,767.55,767.55,766.85,766.85,766.85,762.95,762.95,762.75,762.75,762.65,762.3,761.6,761.6,761.2,761.05,759.8,759.8,759.75,759.65,758.95,758.9,758.85,758.45,758.1,758.1,758.0,758.0,758.0,758.0,757.9,757.45,757.45,757.45,757.25,757.25,757.25,757.25,757.2,757.2,757.15,757.15,756.9,756.85,756.7,756.15,755.35,755.35,755.35,754.95,754.95,754.95,754.95,754.95,754.95,754.9,754.9,754.75,754.75,754.75,754.7,754.7,754.7,754.65,754.65,754.65,750.95
HHOCVRP,A-n34-k5,778,793.75,2.0244,0.57,1486.55,1128.5,1020.0,922.3,885.7,880.7,873.25,870.9,869.8,864.7,849.9,848.3,846.3,843.4,841.35,840.85,837.95,837.95,837.65,835.35,834.75,834.75,834.5,834.5,834.25,831.1,829.25,828.85,828.7,827.35,827.35,826.95,825.85,825.15,825.15,824.65,822.85,822.15,821.9,821.3,820.25,819.9,819.15,816.6,816.45,813.45,812.15,811.4,811.3,810.75,810.6,809.95,808.3,808.3,808.0,808.0,807.4,807.4,807.2,807.2,807.2,807.1,806.35,806.2,806.2,805.65,805.65,805.65,805.65,805.65,805.65,805.55,805.55,804.3,804.3,803.4,803.05,803.05,803.0,803.0,803.0,802.95,802.95,802.95,802.9,802.9,802.75,802.1,802.1,801.3,801.25,801.1,801.1,800.45,800.45,800.45,800.45,800.45,800.45,793.75
HHOCVRP,A-n36-k5,799,820.25,2.6596,0.65,1375.6,1057.25,967.05,929.85,918.05,913.25,909.9,882.1,877.6,875.65,874.85,874.0,871.55,870.15,868.9,868.45,867.05,867.05,866.8,865.85,865.4,864.9,864.0,863.85,863.2,863.2,860.35,860.0,859.25,858.95,857.5,857.0,855.65,854.5,852.5,850.95,850.25,849.9,849.7,849.7,848.65,848.65,848.0,848.0,848.0,848.0,848.0,847.8,847.8,846.6,846.35,846.25,846.0,845.4,845.4,844.7,844.7,844.35,844.1,842.45,842.2,841.6,840.35,839.5,839.5,839.25,839.05,838.55,837.6,835.8,835.7,835.7,834.75,834.55,833.45,833.25,832.95,832.7,831.7,831.55,831.55,831.35,830.45,830.45,830.45,830.45,830.45,830.25,830.05,829.3,828.9,828.9,828.9,828.9,828.8,828.8,828.8,828.8,828.5,820.25
HHOCVRP,A-n37-k5,669,698.6,4.4245,0.63,1471.65,1085.15,956.85,900.75,858.65,813.55,802.2,796.5,760.9,759.75,754.65,753.8,751.1,750.1,745.4,741.95,740.6,739.65,738.5,736.55,733.95,733.15,733.05,731.4,731.25,730.7,729.45,728.45,724.25,723.1,721.95,721.7,721.6,721.55,719.8,719.0,717.65,717.3,717.3,716.8,716.55,715.75,715.75,715.75,715.3,714.85,714.85,714.85,714.85,714.85,714.2,714.2,713.55,713.5,713.4,713.4,713.35,713.35,713.15,713.15,712.7,712.45,711.55,711.55,711.5,711.2,710.95,710.95,710.8,710.2,710.2,710.05,710.05,710.05,709.85,709.85,709.0,708.9,708.9,708.3,708.3,707.85,707.3,707.15,707.15,707.15,707.15,706.7,706.7,705.85,705.85,705.25,705.25,705.25,705.25,704.8,704.8,704.8,704.8,698.6
HHOCVRP,A-n37-k6,949,979.75,3.2403,0.65,1543.45,1329.05,1107.05,1101.5,1086.15,1083.3,1076.95,1069.35,1066.8,1065.05,1060.2,1058.8,1057.8,1056.55,1052.15,1050.1,1045.95,1043.35,1041.65,1041.3,1040.3,1040.2,1040.2,1040.2,1039.9,1039.85,1037.0,1035.95,1034.45,1031.8,1031.8,1030.35,1030.35,1029.4,1027.05,1027.05,1025.65,1025.1,1021.65,1021.65,1021.5,1021.45,1019.35,1017.25,1017.25,1015.6,1014.3,1014.25,1011.6,1011.15,1010.75,1010.4,1010.4,1008.95,1008.75,1008.75,1008.75,1006.55,1004.65,1002.85,1002.25,1002.15,1001.85,1000.45,1000.45,1000.4,1000.3,1000.25,1000.05,999.95,999.45,999.4,999.35,998.4,998.35,998.15,997.65,996.4,996.4,996.4,995.1,995.1,995.1,994.6,992.25,991.95,991.65,991.35,990.8,989.4,989.3,989.0,988.8,988.75,988.75,988.35,988.2,988.1,987.5,979.75
HHOCVRP,A-n38-k5,730,744.55,1.9932,0.67,1345.95,974.55,926.85,906.6,902.55,854.05,843.9,804.95,799.45,796.15,792.1,790.5,789.9,789.6,787.45,783.6,782.05,781.9,781.15,780.15,780.15,779.25,779.25,779.15,779.1,778.85,778.85,778.1,777.45,777.2,776.7,774.2,772.55,771.7,771.7,769.6,769.1,769.1,767.6,767.0,766.75,764.9,764.75,764.75,764.5,764.5,764.4,764.2,763.45,763.45,763.45,762.7,762.55,762.35,762.3,761.8,761.6,761.5,761.25,760.55,760.35,760.2,760.15,760.15,760.15,760.15,760.15,759.5,759.3,758.95,758.3,757.9,757.9,757.6,756.85,756.85,756.45,756.3,756.3,756.3,755.6,755.6,755.3,755.0,755.0,754.95,754.55,754.55,754.55,754.05,753.9,753.85,753.25,752.9,751.9,751.1,751.0,749.75,749.75,744.55
HHOCVRP,A-n39-k5,822,849.75,3.3759,0.7,1363.75,1140.95,1088.35,998.85,959.45,949.65,946.05,939.95,933.65,926.6,920.95,918.15,911.65,910.2,909.6,908.65,907.55,904.85,904.85,904.85,902.7,902.3,901.7,899.75,899.6,899.5,898.6,897.5,897.35,896.55,895.85,895.0,895.0,893.85,893.4,893.35,892.95,892.8,892.55,892.55,891.9,890.25,889.25,889.15,888.45,887.2,887.2,886.0,885.05,884.6,884.5,884.5,883.6,883.1,882.35,881.4,880.55,879.65,879.65,879.65,879.65,878.85,878.15,877.25,877.1,877.1,875.45,875.45,875.45,874.45,873.75,873.75,873.4,873.4,873.4,873.4,873.4,873.3,872.85,871.8,871.8,871.8,870.3,869.85,869.85,869.5,868.9,868.1,867.85,866.75,865.6,865.6,865.6,864.75,864.25,864.2,863.75,863.65,863.65,849.75
HHOCVRP,A-n39-k6,831,861.0,3.6101,0.7,1534.35,1228.25,1132.85,1036.65,989.25,937.9,931.6,929.9,926.45,923.75,919.15,919.15,914.0,910.1,909.7,908.45,906.35,904.2,903.35,902.6,902.55,902.55,902.2,900.6,900.15,899.95,897.75,896.8,894.95,894.2,892.95,892.4,892.4,892.4,892.2,890.65,890.65,890.65,890.65,889.75,889.65,889.4,887.95,887.95,887.7,887.7,887.4,885.85,885.6,885.6,884.5,882.7,882.15,881.85,881.2,879.75,879.75,879.75,879.6,878.2,878.1,877.7,877.65,877.55,876.0,876.0,875.4,875.4,875.4,875.15,875.0,875.0,874.8,874.8,874.7,874.65,874.2,874.15,874.0,873.3,873.25,873.2,872.8,872.65,871.5,871.0,871.0,870.7,870.7,870.7,870.7,870.4,869.95,869.55,869.5,869.5,869.1,869.05,868.65,861.0
HHOCVRP,A-n44-k6,937,965.25,3.0149,0.79,1726.5,1500.85,1285.2,1218.75,1127.0,1127.0,1116.05,1060.7,1057.3,1056.15,1053.75,1052.55,1046.9,1044.3,1039.75,1036.05,1031.1,1030.65,1027.4,1024.95,1022.55,1021.1,1021.1,1021.1,1021.0,1021.0,1020.4,1018.85,1018.85,1017.85,1015.95,1014.85,1014.05,1013.7,1013.7,1013.7,1011.75,1011.05,1010.3,1009.75,1006.35,1005.85,1005.1,1001.95,1001.15,1001.15,1001.15,1000.85,1000.6,999.6,997.55,997.5,997.5,997.5,996.9,995.55,994.7,994.2,992.85,992.75,992.0,991.55,989.9,989.5,987.1,985.65,985.65,985.65,984.95,984.95,984.85,984.85,984.1,984.1,984.1,984.1,983.85,983.8,983.3,983.1,983.1,982.75,982.75,982.75,982.05,981.65,981.6,981.6,981.6,981.6,981.6,981.25,981.25,981.0,980.95,980.95,980.95,980.05,979.35,965.25
HHOCVRP,A-n45-k6,944,975.8,3.3686,0.83,1934.05,1585.65,1278.2,1139.05,1085.35,1084.4,1079.45,1076.6,1072.85,1071.95,1067.75,1065.15,1063.6,1058.45,1053.5,1049.35,1047.35,1045.2,1043.2,1041.0,1038.85,1037.8,1037.8,1037.05,1033.8,1033.0,1032.85,1032.85,1029.95,1027.05,1024.6,1022.7,1020.35,1018.55,1018.05,1016.75,1016.45,1016.3,1016.15,1015.85,1013.05,1013.05,1012.95,1010.45,1010.45,1010.15,1009.9,1008.6,1007.9,1006.8,1006.3,1006.25,1004.35,1004.35,1004.35,1004.3,1003.9,1003.9,1003.9,1003.9,1003.25,1003.25,1003.25,1002.45,1002.1,1002.1,1001.65,1001.45,1001.1,1001.1,1000.65,1000.5,999.4,999.4,999.4,999.15,999.15,999.15,999.15,998.35,997.45,997.45,996.95,996.45,996.1,996.1,996.1,994.55,993.6,992.85,992.55,991.9,991.9,991.9,991.05,990.55,990.15,989.85,989.85,975.8
HHOCVRP,A-n45-k7,1146,1193.25,4.123,0.86,1836.15,1537.0,1340.1,1290.5,1283.2,1282.4,1273.85,1270.65,1269.75,1266.65,1262.7,1259.4,1257.6,1255.6,1255.3,1255.1,1253.1,1250.4,1249.6,1249.6,1248.6,1247.3,1246.7,1246.5,1245.15,1245.15,1244.8,1243.8,1243.05,1241.65,1241.65,1241.65,1240.85,1240.6,1239.95,1239.4,1237.6,1236.65,1236.4,1235.8,1234.65,1234.05,1233.7,1233.0,1232.05,1231.8,1230.75,1229.75,1229.5,1229.1,1229.1,1228.65,1227.15,1226.4,1224.85,1224.45,1223.85,1223.75,1223.75,1222.95,1222.95,1222.95,1222.9,1222.75,1222.2,1221.9,1221.8,1221.8,1221.25,1221.25,1220.25,1220.1,1220.05,1219.4,1219.4,1219.4,1219.4,1219.4,1219.4,1219.4,1218.35,1216.9,1216.55,1216.35,1215.55,1215.45,1215.1,1214.7,1214.4,1213.55,1213.4,1212.85,1212.75,1212.75,1212.7,1212.5,1211.75,1211.75,1211.75,1193.25
HHOCVRP,A-n46-k7,914,948.1,3.7309,0.86,1831.7,1427.4,1323.15,1197.5,1130.3,1077.1,1070.3,1067.25,1066.15,1064.8,1061.7,1057.45,1056.1,1052.55,1052.55,1047.55,1047.2,1044.3,1044.0,1043.65,1041.5,1039.95,1038.75,1037.25,1032.7,1031.8,1030.35,1029.0,1024.8,1024.25,1023.25,1023.25,1021.8,1021.8,1019.8,1018.45,1016.45,1014.9,1011.9,1008.9,1008.8,1008.8,1005.75,1004.15,1004.05,1004.05,1003.7,1003.0,1001.35,1001.2,998.1,997.9,997.9,997.85,997.25,996.5,996.45,995.4,994.85,994.85,993.85,993.2,992.2,991.45,990.25,990.2,989.9,989.25,989.25,987.5,987.35,986.8,986.8,986.5,985.65,984.6,984.3,982.45,982.15,981.05,980.2,979.3,978.9,978.4,977.7,977.3,977.3,976.85,976.6,975.4,974.4,974.0,973.9,973.1,973.1,972.2,972.05,971.95,970.55,948.1
HHOCVRP,A-n48-k7,1073,1133.35,5.6244,0.91,2120.85,1605.25,1360.25,1296.15,1292.6,1231.5,1227.95,1225.05,1219.2,1218.6,1215.55,1213.3,1212.85,1211.4,1211.25,1207.4,1204.45,1203.8,1201.75,1200.25,1198.3,1197.7,1197.0,1195.1,1195.1,1192.4,1191.1,1189.4,1189.4,1189.2,1188.25,1185.7,1185.5,1185.2,1185.2,1184.85,1184.25,1183.95,1182.5,1180.95,1179.15,1178.0,1177.05,1176.75,1176.1,1176.1,1175.55,1175.55,1175.25,1175.25,1174.25,1172.8,1172.8,1172.55,1172.1,1171.05,1170.0,1170.0,1168.7,1168.65,1168.15,1168.0,1166.5,1166.4,1166.4,1165.95,1165.95,1165.2,1165.2,1165.0,1164.95,1164.75,1164.75,1163.8,1163.8,1163.8,1163.7,1163.7,1163.0,1162.55,1162.35,1161.7,1161.7,1161.5,1161.1,1161.1,1160.2,1159.15,1158.95,1157.5,1157.4,1157.35,1157.3,1156.75,1156.3,1155.25,1154.95,1154.35,1154.15,1133.35
HHOCVRP,A-n53-k7,1010,1053.25,4.2822,1.04,1733.65,1562.5,1411.5,1201.2,1188.25,1176.65,1165.45,1159.5,1157.35,1151.65,1150.35,1149.8,1149.5,1141.9,1141.35,1139.6,1138.6,1137.65,1135.05,1133.05,1131.4,1126.75,1123.95,1123.95,1123.45,1121.7,1120.15,1119.3,1119.3,1118.5,1116.85,1116.85,1115.75,1114.2,1112.15,1112.15,1110.65,1110.45,1109.8,1108.4,1106.75,1105.25,1105.05,1105.05,1103.35,1100.9,1100.0,1099.6,1098.95,1098.7,1098.7,1098.55,1098.55,1098.1,1096.65,1096.65,1096.3,1093.85,1091.8,1088.75,1088.75,1088.3,1088.1,1088.05,1088.05,1087.3,1087.25,1085.95,1085.95,1085.8,1085.2,1085.0,1085.0,1084.8,1084.8,1084.75,1084.2,1083.25,1083.25,1082.8,1081.9,1081.9,1081.9,1081.7,1081.55,1081.55,1081.4,1081.4,1081.25,1080.9,1079.75,1079.75,1079.15,1079.15,1078.2,1077.35,1076.65,1076.15,1075.65,1053.25
HHOCVRP,A-n54-k7,1167,1204.4,3.2048,1.08,2257.65,1957.5,1599.1,1523.55,1439.85,1421.1,1363.3,1358.45,1342.05,1328.2,1324.3,1318.65,1317.8,1313.3,1312.65,1305.6,1302.25,1302.05,1297.3,1296.65,1296.5,1293.35,1292.2,1292.15,1286.1,1285.95,1285.6,1285.6,1284.7,1284.65,1282.05,1281.3,1280.2,1280.2,1280.1,1280.1,1279.5,1278.35,1278.35,1278.35,1274.05,1274.05,1271.55,1271.05,1270.35,1270.05,1269.2,1268.1,1267.1,1263.05,1261.7,1261.0,1260.9,1260.1,1259.75,1259.0,1258.4,1257.35,1256.9,1256.2,1254.9,1254.9,1254.5,1252.55,1252.35,1251.85,1249.65,1249.35,1249.35,1249.0,1248.15,1247.8,1247.8,1247.1,1247.1,1247.0,1245.9,1245.35,1244.85,1243.95,1243.4,1243.2,1242.7,1242.7,1242.5,1241.75,1241.45,1241.25,1241.1,1240.4,1240.05,1240.05,1239.15,1238.15,1238.15,1237.3,1236.95,1236.25,1235.15,1204.4
HHOCVRP,A-n55-k9,1073,1112.3,3.6626,1.11,1913.3,1556.4,1397.45,1330.1,1315.85,1304.8,1241.75,1227.0,1219.6,1216.15,1204.35,1204.35,1202.4,1197.4,1196.8,1196.8,1194.35,1191.0,1188.45,1187.8,1183.95,1180.6,1177.75,1176.15,1176.05,1176.05,1176.05,1173.5,1173.05,1169.7,1169.7,1169.5,1168.05,1167.3,1166.4,1166.2,1164.0,1164.0,1163.8,1161.6,1161.35,1161.0,1161.0,1160.9,1160.7,1160.3,1159.4,1159.3,1158.7,1157.75,1156.8,1155.3,1155.05,1151.9,1151.85,1151.7,1151.2,1150.95,1149.2,1149.2,1148.05,1148.05,1148.05,1147.85,1147.85,1147.85,1147.85,1146.1,1144.7,1144.25,1143.9,1143.3,1143.05,1142.9,1142.35,1141.5,1141.5,1141.35,1141.15,1140.7,1140.2,1140.0,1139.7,1139.6,1139.45,1139.45,1139.45,1138.8,1138.2,1138.2,1137.9,1137.9,1136.9,1135.9,1135.75,1135.3,1135.1,1135.05,1134.45,1112.3
HHOCVRP,A-n60-k9,1354,1410.85,4.1987,1.28,2577.6,2078.7,1648.3,1555.7,1554.5,1546.0,1539.3,1535.3,1532.15,1529.25,1525.15,1521.85,1516.4,1512.2,1512.1,1510.3,1507.55,1505.65,1504.8,1504.1,1504.05,1502.9,1498.45,1495.75,1494.85,1494.05,1492.9,1487.15,1485.45,1485.05,1484.35,1483.1,1481.05,1480.4,1479.35,1479.35,1476.8,1476.4,1475.15,1472.85,1472.85,1472.65,1471.85,1471.55,1471.05,1470.55,1469.8,1468.15,1466.95,1466.05,1466.05,1465.4,1463.95,1463.95,1463.95,1463.9,1462.7,1459.8,1459.5,1459.15,1458.6,1456.6,1456.6,1456.6,1456.6,1455.95,1453.85,1452.9,1452.9,1452.9,1452.2,1451.1,1450.85,1450.8,1450.8,1450.8,1450.5,1449.75,1449.75,1449.45,1448.7,1448.4,1448.15,1448.0,1447.75,1447.75,1447.3,1447.1,1446.85,1445.75,1445.65,1445.65,1444.6,1443.65,1443.4,1442.6,1442.6,1442.6,1442.3,1410.85
HHOCVRP,A-n61-k9,1034,1088.6,5.2805,1.24,2213.9,1455.65,1219.5,1213.05,1203.05,1198.85,1193.05,1184.5,1183.25,1177.95,1174.6,1171.15,1171.15,1171.15,1169.9,1163.95,1163.95,1163.9,1163.65,1160.1,1158.95,1158.45,1155.6,1155.15,1153.15,1152.85,1152.65,1150.9,1149.35,1148.85,1148.1,1148.1,1148.1,1148.1,1147.45,1147.25,1147.0,1146.4,1146.0,1143.7,1143.15,1143.15,1141.8,1139.35,1134.9,1134.05,1133.3,1133.1,1132.7,1132.05,1132.05,1132.05,1131.95,1130.9,1130.9,1128.65,1128.5,1126.85,1126.7,1124.45,1123.25,1122.55,1122.55,1120.75,1119.1,1119.0,1119.0,1118.6,1118.4,1117.05,1117.05,1116.65,1116.65,1116.55,1115.0,1115.0,1115.0,1115.0,1114.85,1114.85,1114.7,1114.25,1114.2,1114.2,1114.2,1114.2,1113.8,1113.8,1113.8,1113.5,1113.05,1113.05,1113.05,1112.45,1111.25,1111.15,1110.4,1109.7,1109.55,1088.6
HHOCVRP,A-n62-k8,1288,1341.85,4.1809,1.35,2624.45,2239.9,1765.9,1585.9,1493.5,1483.0,1471.6,1467.4,1458.45,1455.6,1450.95,1448.15,1445.55,1441.7,1440.9,1439.0,1435.1,1429.9,1422.8,1422.0,1420.35,1418.7,1416.85,1415.95,1413.6,1412.9,1412.7,1412.05,1406.8,1406.35,1404.55,1402.4,1401.8,1398.3,1394.45,1392.3,1392.3,1388.45,1388.25,1386.95,1386.55,1386.55,1386.2,1385.65,1385.55,1384.4,1384.2,1384.2,1382.9,1380.95,1380.9,1380.3,1378.8,1378.05,1377.15,1377.15,1377.15,1376.85,1375.75,1375.75,1373.4,1372.35,1372.1,1371.6,1371.05,1369.7,1369.7,1368.7,1368.7,1368.5,1368.5,1368.5,1368.4,1368.4,1368.15,1368.15,1367.5,1367.5,1366.65,1366.45,1366.45,1366.35,1366.3,1365.6,1365.6,1365.4,1365.25,1365.25,1364.6,1364.6,1364.6,1364.45,1364.0,1362.95,1361.85,1361.85,1361.85,1361.8,1361.6,1341.85
HHOCVRP,A-n63-k9,1616,1685.5,4.3007,1.38,2985.45,2401.95,1963.0,1959.05,1862.65,1852.45,1847.9,1836.95,1832.3,1828.5,1821.35,1811.3,1796.55,1788.9,1788.9,1784.75,1783.5,1782.5,1780.45,1778.9,1775.2,1773.95,1773.45,1773.45,1772.15,1767.2,1765.0,1762.55,1762.55,1761.45,1758.35,1758.15,1755.6,1755.6,1750.65,1750.65,1749.1,1748.3,1747.5,1747.5,1747.5,1746.85,1746.7,1745.2,1745.2,1744.85,1744.35,1743.5,1743.35,1741.95,1740.95,1739.8,1739.8,1734.55,1734.2,1733.1,1731.0,1730.0,1730.0,1729.35,1727.8,1727.8,1727.5,1727.5,1727.4,1725.85,1725.85,1725.8,1725.8,1725.8,1725.75,1725.75,1725.6,1725.3,1725.2,1725.2,1723.85,1722.7,1721.85,1721.85,1721.85,1720.7,1720.0,1719.6,1719.35,1719.25,1719.2,1719.2,1719.2,1719.2,1718.35,1718.1,1716.9,1716.8,1715.1,1714.7,1714.5,1714.5,1714.45,1685.5
HHOCVRP,A-n63-k10,1314,1388.6,5.6773,1.32,2359.35,1768.75,1762.65,1669.65,1576.65,1491.4,1489.2,1478.65,1478.0,1473.9,1472.15,1471.2,1469.95,1469.5,1469.25,1468.05,1467.3,1466.6,1464.6,1462.5,1462.5,1461.85,1458.85,1455.75,1454.45,1452.5,1451.35,1450.05,1449.7,1449.45,1446.0,1445.45,1445.45,1444.2,1441.9,1440.65,1440.2,1437.35,1435.9,1435.9,1434.6,1434.6,1434.6,1433.2,1432.1,1432.1,1431.9,1431.6,1430.95,1430.9,1428.75,1427.75,1427.75,1427.0,1426.45,1426.45,1426.25,1426.25,1425.4,1424.85,1424.55,1423.8,1423.8,1423.45,1421.5,1421.5,1421.5,1421.25,1420.9,1420.9,1420.65,1420.45,1419.8,1419.6,1419.35,1417.85,1417.25,1417.2,1417.2,1417.2,1417.2,1417.2,1417.2,1417.15,1417.05,1415.9,1414.65,1414.65,1414.55,1414.55,1413.95,1413.4,1413.15,1413.15,1413.15,1412.4,1411.95,1411.35,1410.8,1388.6
HHOCVRP,A-n64-k9,1401,1460.8,4.2684,1.43,2446.3,1861.1,1612.4,1611.1,1598.2,1595.3,1580.45,1574.3,1571.4,1570.55,1564.45,1560.3,1559.5,1557.05,1553.5,1546.05,1543.65,1542.4,1540.9,1540.7,1538.15,1535.3,1535.15,1533.1,1533.1,1528.8,1525.85,1523.45,1520.35,1517.8,1516.4,1514.8,1511.9,1511.9,1510.4,1509.85,1509.4,1509.0,1508.45,1508.3,1506.45,1505.95,1504.75,1504.35,1502.5,1502.5,1502.25,1501.05,1499.5,1498.9,1498.6,1497.3,1497.3,1497.1,1496.3,1496.3,1495.4,1494.35,1494.2,1492.3,1492.3,1492.3,1492.15,1491.55,1490.55,1490.55,1490.3,1489.0,1488.45,1488.2,1488.0,1485.3,1484.45,1484.45,1484.35,1484.35,1484.35,1484.35,1483.7,1483.4,1483.4,1483.4,1483.15,1482.35,1482.35,1481.65,1481.65,1481.65,1481.65,1481.1,1481.1,1481.1,1480.45,1479.95,1479.55,1479.05,1478.85,1478.5,1478.5,1460.8
HHOCVRP,A-n65-k9,1174,1235.85,5.2683,1.44,2159.3,1837.05,1444.7,1353.8,1353.8,1345.6,1343.35,1337.0,1337.0,1336.4,1333.5,1331.8,1326.9,1326.9,1321.15,1317.5,1316.3,1316.3,1316.3,1311.75,1310.95,1305.95,1301.2,1301.2,1300.95,1300.85,1299.45,1299.45,1295.95,1295.95,1293.3,1293.3,1291.8,1290.7,1289.6,1287.35,1285.8,1285.8,1285.3,1284.5,1283.45,1283.45,1283.45,1282.9,1282.9,1282.9,1282.0,1282.0,1281.35,1280.85,1279.95,1279.2,1278.95,1278.15,1278.15,1277.75,1277.75,1276.8,1275.65,1275.0,1274.0,1274.0,1273.95,1273.95,1273.15,1272.45,1272.05,1271.85,1271.55,1271.15,1271.15,1271.15,1271.15,1270.7,1270.6,1270.5,1270.5,1269.6,1269.6,1269.6,1269.05,1268.85,1268.7,1268.7,1268.5,1268.4,1268.2,1268.1,1267.9,1267.9,1267.9,1267.9,1267.5,1267.2,1265.9,1265.8,1265.7,1264.2,1263.6,1235.85
HHOCVRP,A-n69-k9,1159,1230.5,6.1691,1.49,2767.95,1764.8,1455.6,1445.45,1444.05,1438.3,1338.65,1332.5,1328.75,1326.0,1325.5,1318.8,1316.05,1314.75,1309.9,1308.8,1305.65,1303.05,1300.15,1297.45,1295.9,1295.0,1293.35,1291.05,1291.05,1290.6,1290.6,1290.1,1289.8,1289.6,1288.05,1288.05,1285.7,1284.15,1283.15,1283.15,1281.7,1281.3,1280.75,1280.75,1280.7,1280.7,1280.4,1280.35,1277.65,1277.15,1277.15,1276.9,1276.9,1276.55,1275.5,1275.15,1274.25,1272.55,1272.55,1271.75,1270.45,1270.3,1270.3,1269.85,1269.65,1269.6,1269.6,1268.15,1268.15,1267.45,1267.1,1267.0,1267.0,1265.9,1265.75,1265.7,1265.4,1265.2,1265.2,1265.2,1264.6,1264.2,1263.95,1263.7,1263.7,1263.65,1263.0,1263.0,1262.8,1262.8,1261.2,1261.2,1261.2,1261.2,1260.3,1259.3,1258.35,1258.2,1257.95,1257.95,1257.35,1256.45,1256.45,1230.5
HHOCVRP,A-n80-k10,1763,1860.0,5.502,2.01,3255.05,2415.75,2172.4,2160.55,2153.85,2153.85,2140.8,2034.2,2021.3,2018.25,2010.0,2003.6,1995.4,1992.35,1990.6,1986.2,1986.2,1985.3,1984.1,1979.6,1978.7,1975.35,1975.35,1973.9,1969.6,1967.1,1966.5,1966.5,1966.5,1966.5,1964.1,1964.1,1959.65,1956.75,1952.75,1951.55,1951.0,1949.45,1949.45,1949.45,1948.8,1945.4,1943.45,1941.45,1940.95,1940.5,1939.0,1938.95,1936.95,1936.35,1935.6,1935.45,1934.55,1934.45,1934.1,1934.1,1931.3,1929.05,1927.1,1926.9,1926.05,1922.1,1922.1,1922.1,1922.1,1920.75,1920.1,1920.1,1918.05,1917.2,1916.8,1916.4,1916.4,1916.4,1914.85,1914.85,1914.15,1914.05,1914.05,1914.05,1914.05,1914.05,1914.05,1914.05,1913.5,1913.45,1913.05,1913.05,1912.95,1912.95,1911.6,1911.6,1911.6,1909.8,1909.2,1909.15,1908.8,1908.7,1908.7,1860.0
HHOCVRP,B-n31-k5,672,686.65,2.1801,0.52,1057.45,860.1,782.45,716.65,715.6,701.45,701.2,700.1,699.6,698.1,697.6,696.75,696.75,695.7,695.4,695.0,695.0,694.45,694.4,694.25,694.2,694.2,694.05,693.85,693.45,693.45,693.3,693.2,693.2,693.15,693.15,692.7,692.7,692.65,692.65,692.65,692.6,692.45,692.4,692.2,692.15,692.15,692.15,692.15,692.1,692.05,691.75,691.75,691.7,691.7,691.1,691.1,690.9,690.7,690.7,690.7,690.7,690.7,690.6,690.6,690.6,690.55,690.4,690.4,690.2,690.2,689.95,689.95,689.95,689.95,689.75,689.35,689.35,689.35,689.35,689.3,689.2,689.05,689.0,688.95,688.95,688.7,688.6,688.4,688.25,688.25,688.2,688.2,688.2,688.15,688.15,688.1,688.1,688.0,687.95,687.9,687.9,687.9,687.85,686.65
HHOCVRP,B-n34-k5,788,810.5,2.8553,0.57,1131.35,1037.35,990.9,978.45,924.65,900.2,900.0,896.75,893.05,892.35,886.8,881.65,877.45,877.3,875.4,873.75,872.8,872.15,871.35,870.2,870.1,867.35,867.15,866.5,865.4,865.4,864.35,864.1,864.1,862.95,862.5,862.3,862.15,861.8,861.35,860.9,860.9,860.7,859.15,857.9,857.9,857.9,857.75,856.85,856.65,856.3,856.0,855.05,854.9,854.65,854.65,853.8,853.35,853.3,852.45,852.2,850.75,850.5,850.5,849.6,847.95,847.65,846.1,845.95,845.85,844.25,844.25,843.05,842.75,841.3,841.3,841.25,841.25,840.8,840.5,840.4,839.5,839.45,839.15,839.15,839.05,838.9,838.0,836.2,834.75,833.9,832.75,832.6,832.45,832.25,830.75,830.35,830.35,830.15,826.95,826.15,824.95,824.45,824.3,810.5
HHOCVRP,B-n35-k5,955,972.1,1.7906,0.63,1601.6,1319.3,1095.45,1045.15,1038.4,1036.75,1032.4,1031.45,988.75,987.65,986.25,985.05,985.0,984.55,984.05,984.05,983.4,983.2,983.15,983.0,983.0,983.0,983.0,982.65,982.55,982.55,982.4,982.2,982.0,981.75,981.65,981.65,981.6,981.5,981.5,981.25,981.05,980.85,980.85,980.75,980.15,980.15,979.95,979.7,979.25,979.15,979.15,978.9,978.9,978.9,978.6,978.4,978.4,978.35,977.55,977.55,977.4,977.15,976.9,976.9,976.9,976.9,976.9,976.7,976.7,976.7,976.3,976.2,976.2,976.15,976.15,976.0,975.85,975.65,975.65,975.65,975.25,975.25,975.25,975.25,975.25,975.25,975.25,975.25,975.0,975.0,975.0,975.0,975.0,975.0,974.8,974.6,974.45,974.45,973.8,973.75,973.75,973.75,973.7,972.1
HHOCVRP,B-n38-k6,805,828.35,2.9006,0.66,1331.5,991.25,948.25,899.75,895.45,893.85,852.75,852.45,851.55,848.3,845.4,843.85,843.0,842.05,841.85,840.8,840.6,839.95,839.95,838.8,838.7,838.55,838.45,838.3,838.1,837.85,837.7,836.95,836.95,836.95,836.9,836.6,835.85,835.55,835.55,835.5,835.5,835.45,835.45,835.45,835.45,835.35,835.35,834.4,833.9,833.85,833.85,833.7,833.7,833.7,833.7,833.7,833.5,833.5,833.5,833.5,833.0,833.0,832.95,832.7,832.45,832.45,832.45,832.45,832.45,832.45,832.3,832.3,832.3,832.3,831.55,831.55,831.55,831.35,831.35,830.75,830.75,830.75,830.75,830.65,830.65,830.55,830.55,830.55,830.55,830.55,830.45,830.45,830.35,830.35,830.25,830.05,830.05,829.95,829.95,829.7,829.7,829.7,829.7,828.35
HHOCVRP,B-n39-k5,549,576.65,5.0364,0.67,1296.4,758.3,684.3,631.1,630.0,626.85,620.4,619.2,616.65,614.75,611.75,611.0,609.95,609.8,609.75,608.95,608.95,608.7,606.8,605.1,605.1,604.35,603.7,603.45,603.4,603.1,601.25,601.15,601.1,600.05,600.05,600.0,599.95,599.65,599.65,599.2,599.2,599.1,599.1,599.1,599.1,598.6,598.6,598.35,598.2,597.1,597.1,596.9,596.75,596.75,596.2,596.15,596.1,595.95,595.45,595.1,595.0,595.0,594.8,594.65,594.4,594.35,594.3,593.45,593.35,593.15,593.0,593.0,592.6,592.55,592.45,592.4,592.35,592.2,591.65,591.6,591.5,591.45,591.35,590.7,590.65,589.35,589.3,589.05,589.05,588.55,585.9,585.85,585.85,585.8,585.7,585.6,585.35,585.25,585.2,584.4,584.4,584.35,584.35,576.65
HHOCVRP,B-n41-k6,829,850.05,2.5392,0.72,1400.75,1183.95,1074.3,1024.4,933.75,927.55,920.15,920.15,914.95,913.9,909.85,909.85,909.85,909.4,909.4,905.65,901.05,900.0,896.4,896.15,889.75,889.75,889.15,888.8,887.25,887.25,886.55,886.45,885.15,884.45,884.45,882.3,881.95,881.9,880.15,878.9,878.9,878.7,878.7,877.6,877.6,877.6,876.9,876.25,875.6,874.25,874.25,874.1,873.75,873.35,872.9,872.9,871.85,871.8,871.65,871.55,871.1,870.7,870.7,870.4,869.25,868.25,868.15,868.15,868.15,868.1,868.05,867.6,867.4,865.6,865.6,865.15,865.15,864.65,864.65,864.1,863.85,863.45,863.45,862.95,862.95,862.95,862.95,862.5,862.4,861.95,861.8,861.45,861.3,861.05,861.05,860.5,860.4,860.3,860.15,859.75,859.1,859.1,858.75,850.05
HHOCVRP,B-n43-k6,742,745.6,0.4852,0.83,1127.5,937.0,836.9,831.3,784.1,784.0,778.45,778.2,769.7,769.55,763.5,762.85,760.25,755.8,755.8,755.7,753.75,753.4,753.4,753.4,753.4,753.3,753.2,753.2,753.2,753.05,753.05,752.75,752.75,752.75,752.75,752.4,752.25,752.25,752.25,752.15,752.05,752.05,752.05,751.95,751.5,751.5,751.5,751.5,751.45,751.05,750.75,750.3,750.05,750.05,749.9,749.9,749.45,749.4,749.4,749.4,749.4,749.35,749.35,749.35,749.35,749.35,749.35,749.35,749.35,749.35,749.35,749.35,749.35,749.35,749.35,749.35,749.35,749.35,749.35,749.25,749.25,749.25,749.25,749.2,749.2,749.2,749.2,749.2,749.2,749.2,749.2,749.2,749.0,749.0,749.0,748.95,748.95,748.95,748.85,748.85,748.6,748.6,748.55,745.6
HHOCVRP,B-n44-k7,909,942.75,3.7129,0.82,1571.2,1195.8,1087.45,1035.6,1021.1,1013.65,1004.45,1001.9,1000.45,1000.4,997.6,989.4,987.5,984.0,983.75,978.95,978.95,977.8,977.35,977.25,977.05,974.7,974.15,973.7,973.7,973.6,972.95,972.65,972.35,970.4,969.25,969.15,967.85,967.85,967.5,966.65,966.05,965.9,965.9,965.9,965.8,965.6,964.7,964.7,964.4,964.4,964.3,963.9,963.6,963.6,963.25,962.45,962.45,962.4,962.0,962.0,962.0,961.95,961.95,961.85,961.5,961.45,961.25,961.25,961.05,960.95,960.75,960.55,960.45,960.45,960.35,960.35,960.3,959.9,959.9,959.85,959.3,958.95,958.85,958.2,958.15,957.8,957.65,957.65,957.6,957.0,957.0,956.25,956.2,955.65,955.35,955.2,954.55,954.05,954.0,953.45,953.25,953.05,953.0,942.75
HHOCVRP,B-n45-k5,751,780.5,3.9281,0.81,1688.85,1412.5,1154.4,844.9,843.15,833.15,831.35,827.25,825.2,823.85,821.55,821.35,819.0,818.8,814.85,812.6,812.6,812.5,811.1,810.7,810.2,810.2,809.55,808.8,808.15,808.05,806.7,806.7,806.65,806.65,806.05,806.05,806.05,806.0,805.95,805.8,805.55,805.5,805.5,804.8,804.75,804.65,804.6,804.6,804.6,804.15,803.85,803.6,803.2,802.5,802.05,801.85,801.35,801.25,800.95,800.95,800.65,800.6,800.6,800.6,800.2,800.05,799.65,799.65,799.15,798.8,798.45,798.05,797.9,797.55,797.45,797.45,797.15,796.95,796.5,795.6,795.6,795.6,795.6,795.55,795.25,795.25,794.5,794.5,794.15,794.1,793.9,793.75,793.35,793.2,793.2,792.5,792.15,791.85,791.3,790.8,790.7,790.45,790.45,780.5
HHOCVRP,B-n45-k6,678,712.85,5.1401,0.86,1413.65,983.5,898.45,895.25,857.2,785.2,783.0,782.9,748.2,747.3,746.35,744.9,741.8,741.05,740.5,740.2,737.45,737.45,737.1,736.15,735.2,733.45,733.35,731.1,731.1,731.05,730.75,730.0,729.65,729.3,728.2,727.95,726.95,726.85,726.75,726.45,726.4,726.2,726.2,726.05,725.7,725.45,725.1,725.1,725.05,725.0,725.0,724.95,724.65,724.4,724.3,723.55,723.55,723.5,723.3,723.3,723.15,722.75,722.65,722.65,722.6,722.6,722.6,722.35,721.95,721.55,721.5,721.35,721.35,721.35,721.3,721.3,721.3,721.3,720.9,720.9,720.5,720.4,720.4,720.4,720.35,720.3,720.2,720.2,720.15,720.0,719.95,719.85,719.75,719.7,719.3,719.3,719.3,719.25,719.0,719.0,718.95,718.3,718.25,712.85
HHOCVRP,B-n50-k7,741,755.75,1.9906,0.95,1725.75,1325.65,959.0,885.2,819.2,813.8,813.4,806.45,803.1,801.45,797.65,792.65,791.45,790.8,790.5,789.5,789.3,789.3,787.45,787.3,787.3,783.6,783.6,783.1,782.8,782.8,782.3,782.0,782.0,782.0,781.2,780.45,779.5,777.35,777.0,777.0,776.4,776.4,776.4,775.85,775.85,775.55,775.55,774.8,774.8,774.8,774.55,774.55,774.55,774.25,774.25,774.2,774.05,773.75,773.75,773.65,773.65,772.55,772.15,771.85,771.65,771.65,771.65,771.65,771.65,771.5,771.35,771.35,771.35,770.3,769.8,769.65,769.3,769.3,769.0,769.0,768.65,768.65,768.5,768.4,768.4,768.4,768.35,768.05,768.05,767.9,767.9,767.9,767.8,767.5,767.2,766.85,766.85,765.9,765.55,765.45,765.25,765.25,765.1,755.75
HHOCVRP,B-n50-k8,1312,1344.85,2.5038,1.0,1901.35,1732.75,1544.3,1496.7,1442.85,1428.4,1422.7,1418.25,1416.85,1413.3,1410.8,1410.8,1410.5,1408.6,1405.65,1404.0,1402.55,1401.85,1399.25,1395.95,1393.65,1393.0,1391.75,1391.75,1391.55,1390.75,1389.9,1388.55,1387.0,1386.95,1386.95,1385.1,1384.95,1384.7,1384.0,1383.8,1381.85,1380.35,1380.35,1378.9,1378.85,1377.5,1377.4,1377.05,1376.85,1376.7,1376.5,1375.75,1375.2,1375.15,1373.8,1373.25,1373.25,1372.6,1372.4,1372.1,1372.05,1371.8,1371.8,1371.8,1371.7,1371.7,1370.85,1369.8,1369.65,1369.6,1369.0,1367.75,1367.75,1367.6,1365.8,1365.7,1365.6,1364.7,1364.7,1364.4,1363.85,1363.85,1363.8,1363.8,1363.65,1362.8,1362.75,1362.5,1362.5,1362.35,1362.35,1362.2,1361.4,1360.75,1360.55,1360.35,1360.05,1359.6,1359.2,1358.55,1357.85,1357.65,1357.65,1344.85
HHOCVRP,B-n51-k7,1032,1057.95,2.5145,0.97,2486.9,1883.05,1329.55,1311.25,1216.75,1211.65,1130.2,1130.15,1129.95,1127.05,1125.9,1125.3,1125.05,1120.7,1117.8,1115.3,1114.85,1111.2,1111.0,1110.85,1107.75,1105.5,1100.6,1098.0,1097.9,1097.25,1097.15,1097.05,1097.05,1096.85,1096.5,1096.45,1095.6,1095.55,1095.55,1093.4,1093.4,1092.15,1091.65,1090.45,1089.7,1089.6,1089.4,1085.6,1085.6,1083.3,1082.8,1082.8,1080.95,1080.15,1076.6,1076.55,1076.4,1073.85,1073.85,1073.85,1073.85,1073.8,1071.9,1069.3,1067.7,1064.8,1064.65,1064.55,1064.55,1064.2,1064.2,1064.1,1064.1,1064.0,1064.0,1064.0,1064.0,1064.0,1064.0,1064.0,1064.0,1064.0,1064.0,1063.95,1063.95,1063.85,1063.85,1063.7,1063.65,1063.65,1063.55,1063.5,1063.5,1063.5,1063.5,1063.1,1063.1,1063.05,1062.65,1062.45,1062.45,1062.45,1062.45,1057.95
HHOCVRP,B-n52-k7,747,762.5,2.075,0.98,1840.0,1394.75,1142.25,910.7,834.4,830.15,830.1,827.85,823.5,821.9,821.5,815.75,814.2,813.95,813.9,808.2,806.55,806.55,801.95,801.95,801.5,798.4,797.8,797.35,795.25,795.25,795.25,794.45,794.45,794.45,794.45,794.35,793.55,793.55,790.55,790.35,790.35,789.7,789.3,789.1,789.1,788.35,786.95,786.65,786.35,786.15,786.15,786.15,785.6,785.15,785.1,785.0,784.9,784.85,784.85,784.65,784.0,783.5,783.45,783.1,783.0,782.95,782.95,782.9,782.85,782.1,782.05,782.0,781.7,781.7,780.8,780.4,780.4,779.55,779.25,779.25,778.65,778.65,778.6,778.3,777.5,777.5,777.3,777.3,777.1,777.0,776.7,776.6,776.4,776.35,776.15,776.05,775.65,775.65,775.15,774.95,774.85,774.85,774.7,762.5
HHOCVRP,B-n56-k7,707,733.45,3.7412,1.14,1579.05,1234.25,1075.8,978.8,894.05,813.05,802.75,802.75,801.2,796.0,796.0,794.05,794.05,788.6,784.5,784.5,783.35,781.75,779.4,779.4,779.05,778.35,778.35,774.2,772.85,772.85,772.15,772.15,772.1,771.4,770.1,769.75,769.75,769.35,768.35,768.25,767.0,766.8,765.55,764.55,764.1,762.05,760.2,760.1,760.1,760.1,759.25,758.1,756.6,755.0,754.85,753.85,753.7,753.15,753.15,753.15,753.05,753.05,753.05,752.95,752.9,752.45,752.45,752.0,752.0,750.65,749.85,749.65,749.65,749.3,747.9,747.9,747.9,747.9,747.7,747.0,747.0,747.0,747.0,746.05,746.0,745.65,744.95,744.3,744.2,743.95,743.95,743.85,743.4,743.25,743.15,742.95,742.95,742.95,742.8,742.75,742.55,741.7,741.3,733.45
HHOCVRP,B-n57-k7,1153,1208.95,4.8526,1.12,2414.85,1979.2,1596.55,1507.7,1494.2,1492.6,1478.7,1386.6,1385.9,1377.2,1374.6,1372.65,1371.4,1366.3,1355.85,1354.1,1344.45,1341.0,1338.3,1334.25,1332.95,1331.4,1327.45,1327.45,1326.0,1325.4,1324.8,1321.05,1316.5,1315.65,1315.65,1315.5,1312.0,1308.2,1306.35,1302.85,1300.0,1297.75,1295.1,1291.05,1289.75,1284.25,1284.0,1279.7,1275.6,1273.55,1269.7,1264.8,1256.6,1256.35,1251.0,1250.7,1250.05,1247.15,1246.95,1242.45,1241.45,1241.45,1240.95,1236.6,1236.6,1236.4,1236.4,1236.0,1235.9,1234.4,1231.55,1229.55,1229.55,1229.55,1229.3,1229.3,1228.95,1228.75,1228.5,1228.5,1228.35,1228.35,1228.3,1228.3,1227.95,1226.55,1226.55,1226.55,1226.55,1226.45,1226.25,1224.25,1224.0,1223.65,1223.55,1223.55,1222.5,1222.45,1222.35,1221.95,1221.65,1221.2,1221.15,1208.95
HHOCVRP,B-n57-k9,1598,1642.8,2.8035,1.18,2258.45,1902.4,1889.45,1807.35,1732.4,1724.15,1713.25,1709.35,1708.9,1708.35,1706.9,1704.2,1702.55,1701.3,1699.85,1697.5,1697.45,1694.85,1694.75,1691.3,1690.1,1687.35,1685.65,1683.35,1683.35,1681.7,1681.2,1681.2,1680.9,1680.75,1680.05,1680.05,1679.65,1679.65,1678.8,1678.8,1678.65,1678.45,1678.45,1678.15,1678.15,1678.0,1677.9,1677.0,1676.85,1676.85,1676.75,1675.9,1675.1,1674.8,1674.25,1673.55,1672.15,1671.95,1671.95,1671.95,1671.35,1671.1,1670.3,1669.55,1669.15,1668.05,1668.05,1667.6,1667.6,1667.55,1667.55,1667.5,1667.45,1667.1,1666.85,1666.6,1666.35,1665.95,1665.95,1665.95,1665.45,1665.3,1665.3,1665.05,1664.85,1664.15,1663.9,1663.9,1663.9,1663.35,1662.9,1662.45,1662.45,1662.25,1661.95,1661.8,1661.6,1661.55,1661.2,1661.0,1660.3,1660.0,1660.0,1642.8
HHOCVRP,B-n63-k10,1496,1574.7,5.2607,1.34,2787.3,2284.45,1978.4,1705.5,1696.85,1681.5,1679.35,1679.05,1672.45,1671.25,1669.9,1661.15,1659.2,1656.5,1652.4,1644.65,1642.05,1642.0,1642.0,1641.65,1638.3,1636.35,1635.9,1634.9,1634.9,1633.55,1631.55,1630.55,1629.3,1628.7,1628.7,1628.45,1625.8,1624.95,1621.7,1621.5,1621.5,1621.5,1621.15,1619.85,1619.3,1619.3,1618.05,1618.05,1617.65,1616.8,1616.45,1615.3,1613.4,1612.8,1611.75,1611.6,1611.25,1611.25,1611.15,1611.1,1610.1,1610.1,1609.35,1608.75,1608.0,1607.85,1607.85,1607.65,1607.65,1607.25,1606.4,1606.4,1606.25,1605.7,1605.65,1605.6,1605.6,1605.6,1605.55,1605.55,1605.55,1605.35,1605.35,1604.9,1604.55,1604.55,1604.4,1604.4,1604.4,1603.85,1602.9,1601.85,1601.7,1600.5,1599.8,1599.1,1598.75,1598.65,1598.5,1597.75,1597.45,1597.0,1596.9,1574.7
HHOCVRP,B-n64-k9,861,912.7,6.0046,1.35,1787.45,1350.3,1169.9,993.65,986.65,985.9,979.35,966.9,962.15,959.15,952.15,951.3,950.4,950.4,950.4,949.35,949.35,948.4,948.4,947.5,945.9,945.15,945.15,945.15,945.0,945.0,944.8,944.8,944.0,943.8,943.45,942.1,942.0,941.7,941.45,941.05,940.6,940.2,940.1,940.05,938.75,937.6,937.35,936.0,935.2,935.0,934.9,933.9,932.95,932.4,932.4,932.15,931.95,931.8,931.0,930.85,930.4,930.4,930.15,930.15,929.55,929.55,929.45,929.1,928.55,928.5,928.35,928.15,928.15,928.15,928.15,928.15,928.15,928.15,927.6,927.6,927.3,926.9,926.7,926.55,926.5,926.4,926.4,926.0,925.7,925.6,925.55,925.55,925.5,925.15,924.4,924.05,923.55,923.55,923.35,923.1,922.8,922.5,922.45,912.7
HHOCVRP,B-n66-k9,1316,1358.4,3.2219,1.47,2537.4,2160.95,2069.15,1882.25,1611.65,1529.0,1519.65,1508.1,1420.4,1412.35,1409.35,1406.6,1404.95,1403.05,1403.05,1403.05,1403.0,1401.6,1400.2,1398.2,1396.7,1396.5,1396.3,1393.35,1392.2,1392.05,1392.0,1392.0,1392.0,1391.9,1391.25,1391.2,1391.2,1390.65,1390.65,1390.55,1389.55,1389.55,1389.1,1387.95,1387.8,1386.8,1386.65,1386.25,1385.65,1385.4,1385.3,1383.65,1383.35,1383.2,1383.2,1383.2,1383.2,1382.85,1382.85,1382.15,1382.15,1381.95,1381.95,1381.95,1381.35,1381.2,1379.95,1379.95,1379.9,1379.9,1379.7,1379.55,1379.5,1379.1,1379.1,1379.1,1379.05,1379.05,1379.05,1379.05,1379.05,1378.1,1378.1,1378.05,1377.95,1377.95,1377.95,1377.75,1377.75,1377.75,1377.7,1377.55,1376.5,1376.4,1376.35,1376.35,1376.35,1376.15,1376.05,1376.05,1375.75,1375.05,1374.95,1358.4
HHOCVRP,B-n67-k10,1032,1109.25,7.4855,1.44,2412.35,2020.7,1461.4,1274.6,1183.8,1180.3,1175.15,1174.45,1172.2,1169.4,1168.35,1165.15,1164.55,1163.3,1161.85,1161.2,1155.8,1155.75,1154.9,1154.6,1154.5,1153.25,1153.0,1152.55,1150.75,1150.1,1148.9,1148.85,1148.35,1146.75,1146.05,1145.2,1144.1,1142.35,1142.35,1140.75,1140.7,1140.3,1139.95,1139.8,1139.2,1139.1,1138.3,1138.1,1138.1,1138.1,1138.0,1138.0,1138.0,1136.75,1136.1,1136.1,1136.1,1136.1,1135.95,1135.4,1135.2,1135.2,1135.0,1133.9,1133.9,1133.9,1133.7,1132.4,1132.35,1131.25,1131.25,1131.15,1130.35,1130.35,1129.55,1129.55,1129.55,1129.55,1129.55,1129.55,1129.55,1129.55,1129.55,1129.55,1129.45,1129.45,1129.35,1129.35,1129.35,1129.2,1129.2,1129.15,1129.15,1128.95,1128.5,1128.25,1127.7,1127.55,1127.05,1126.75,1126.75,1125.8,1125.65,1109.25
HHOCVRP,B-n68-k9,1272,1309.15,2.9206,1.52,2583.1,1917.25,1594.5,1492.95,1383.95,1378.5,1373.05,1368.75,1368.6,1367.35,1365.4,1362.0,1359.35,1357.6,1356.6,1356.05,1356.05,1355.6,1355.1,1353.65,1352.85,1351.4,1349.5,1349.2,1349.15,1348.95,1348.95,1348.95,1348.2,1347.85,1347.7,1347.4,1347.1,1345.5,1343.5,1343.35,1343.2,1343.2,1342.25,1340.4,1340.4,1340.2,1340.2,1339.85,1339.85,1339.85,1339.7,1338.85,1338.85,1337.75,1337.5,1337.5,1337.35,1336.75,1335.65,1335.65,1335.55,1335.55,1335.45,1334.75,1334.45,1333.85,1333.6,1333.6,1333.5,1332.75,1332.7,1332.4,1332.4,1332.4,1332.4,1332.15,1332.15,1332.15,1332.15,1331.9,1331.8,1331.75,1331.75,1331.75,1330.75,1330.5,1330.5,1330.5,1330.25,1330.1,1330.1,1330.1,1329.85,1329.35,1329.35,1329.15,1328.7,1328.55,1328.55,1328.15,1327.9,1327.6,1327.6,1309.15
HHOCVRP,B-n78-k10,1221,1283.1,5.086,1.86,2990.8,2348.5,1864.65,1628.85,1600.6,1481.3,1475.4,1356.5,1352.2,1348.2,1345.9,1345.25,1345.25,1342.3,1341.0,1338.75,1338.75,1336.6,1336.2,1336.05,1336.05,1333.95,1333.95,1333.95,1332.6,1331.25,1330.7,1329.9,1329.85,1329.0,1328.8,1328.45,1328.35,1326.3,1326.25,1325.15,1323.45,1323.3,1322.15,1322.15,1321.8,1321.8,1321.8,1321.1,1320.4,1320.35,1320.2,1320.2,1320.1,1320.1,1319.9,1319.25,1318.45,1318.05,1317.25,1316.8,1316.45,1315.9,1315.6,1314.1,1314.05,1313.7,1313.55,1313.05,1312.95,1311.95,1311.45,1311.1,1310.65,1310.65,1310.65,1310.6,1310.05,1310.05,1310.05,1309.85,1309.8,1309.8,1309.8,1309.8,1309.8,1309.8,1309.55,1309.55,1309.4,1309.3,1309.0,1308.95,1308.6,1308.6,1308.6,1308.6,1308.35,1308.2,1307.95,1307.35,1306.95,1306.45,1306.2,1283.1
HHOCVRP,E-n13-k4,247,247.0,0.0,0.04,318.4,293.35,282.85,274.5,272.1,263.55,260.6,260.15,257.55,254.05,253.7,252.6,252.1,250.7,250.7,250.7,250.7,250.65,249.75,249.3,248.75,248.75,248.75,248.75,248.65,248.65,248.15,247.7,247.6,247.6,247.6,247.55,247.55,247.55,247.1,247.1,247.1,247.1,247.1,247.05,247.05,247.05,247.05,247.05,247.05,247.0,247.0,247.0,247.0,247.0,247.0,247.0,247.0,247.0,247.0,247.0,247.0,247.0,247.0,247.0,247.0,247.0,247.0,247.0,247.0,247.0,247.0,247.0,247.0,247.0,247.0,247.0,247.0,247.0,247.0,247.0,247.0,247.0,247.0,247.0,247.0,247.0,247.0,247.0,247.0,247.0,247.0,247.0,247.0,247.0,247.0,247.0,247.0,247.0,247.0,247.0,247.0,247.0,247.0,247.0
HHOCVRP,E-n22-k4,375,375.65,0.1733,0.19,574.0,494.7,473.35,440.35,429.65,417.1,410.5,408.3,405.1,404.9,400.5,399.4,398.6,397.3,395.75,395.75,394.8,394.45,393.5,393.35,391.9,390.5,389.65,389.3,389.25,388.4,388.05,387.45,386.25,385.95,385.0,384.9,383.45,382.6,382.0,381.5,381.25,381.15,380.95,380.0,379.75,379.75,379.75,379.75,379.75,379.4,377.55,377.55,377.55,377.55,377.45,377.35,377.35,376.75,376.75,376.75,376.75,376.75,376.75,376.65,376.3,376.3,376.1,376.0,376.0,375.85,375.85,375.85,375.85,375.85,375.75,375.75,375.65,375.65,375.65,375.65,375.65,375.65,375.65,375.65,375.65,375.65,375.65,375.65,375.65,375.65,375.65,375.65,375.65,375.65,375.65,375.65,375.65,375.65,375.65,375.65,375.65,375.65,375.65,375.65
HHOCVRP,E-n23-k3,569,571.8,0.4921,0.37,993.05,786.75,725.5,623.8,600.85,595.55,594.0,592.9,592.6,587.6,585.8,585.35,583.05,583.05,580.9,580.75,579.7,579.2,577.85,577.5,577.5,577.35,577.2,576.45,576.45,576.3,576.3,576.3,575.45,575.45,575.45,575.45,575.3,575.3,575.3,575.15,574.85,574.85,574.85,574.85,574.7,574.7,574.7,574.5,574.3,574.3,574.15,574.05,574.05,573.85,573.85,573.85,573.65,573.65,573.65,573.5,573.5,573.35,573.35,573.35,573.35,573.35,573.35,573.35,573.35,573.1,572.9,572.9,572.75,572.6,572.6,572.6,572.6,572.6,572.6,572.6,572.6,572.4,572.4,572.4,572.4,572.4,572.4,572.4,572.4,572.4,572.4,572.4,572.2,572.2,572.2,572.0,572.0,572.0,572.0,572.0,572.0,571.8,571.8,571.8
HHOCVRP,E-n30-k3,534,534.1,0.0187,0.41,1147.65,775.2,732.15,646.8,612.0,583.6,581.75,576.25,570.65,567.55,565.3,565.25,564.05,562.4,562.1,560.15,560.05,559.75,559.0,557.25,557.25,556.0,555.85,555.7,555.65,555.05,553.8,553.4,553.3,553.3,553.3,552.3,552.0,551.6,551.15,551.15,551.0,550.9,549.4,549.4,549.3,549.2,548.2,546.55,546.55,546.15,545.3,544.7,544.65,544.65,544.65,544.1,544.1,543.4,543.1,543.1,542.75,542.75,542.75,542.75,542.75,542.65,542.6,542.5,542.25,542.25,541.75,541.7,541.1,541.1,541.0,540.95,540.15,540.15,540.15,540.15,540.15,539.85,539.85,539.85,539.25,539.25,539.15,539.1,539.0,538.95,538.95,538.7,538.7,538.7,538.7,538.6,538.6,538.6,538.6,538.6,538.6,538.6,538.5,534.1
HHOCVRP,E-n31-k7,379,468.55,23.628,0.56,908.0,766.55,695.7,666.6,648.15,636.4,627.35,626.2,614.55,608.85,608.25,602.55,597.2,592.45,589.2,584.7,575.9,575.9,572.2,572.2,567.7,567.05,564.85,564.15,564.15,562.25,561.35,554.85,553.45,550.9,550.9,550.1,548.5,547.6,542.7,539.95,532.25,521.15,519.95,519.65,517.55,516.95,515.95,515.95,513.45,511.6,509.1,505.05,503.65,503.45,503.0,500.55,499.45,499.45,499.45,499.0,498.0,494.75,490.25,490.1,490.1,488.75,488.6,488.2,487.55,486.35,486.35,486.3,484.65,481.35,479.85,479.7,478.95,478.95,478.95,478.95,478.95,478.95,478.95,478.95,478.95,478.95,478.95,478.9,478.85,478.05,476.75,476.65,476.65,476.65,476.65,476.05,476.05,476.05,475.9,475.65,475.65,475.65,475.65,468.55
HHOCVRP,E-n33-k4,835,850.85,1.8982,0.54,1356.8,1168.5,1068.15,1045.0,990.5,976.15,923.5,921.45,916.75,913.15,906.85,903.1,900.35,899.95,897.6,897.4,895.05,893.65,890.85,890.75,890.15,889.05,887.15,886.05,885.4,884.9,883.75,882.85,882.8,882.6,882.35,881.4,879.4,878.85,878.55,875.35,875.15,874.25,874.05,873.75,873.6,873.55,872.4,871.0,869.6,869.0,869.0,869.0,868.6,868.45,867.7,867.55,867.2,867.2,866.95,866.8,865.9,865.9,865.6,865.35,865.25,864.65,864.65,863.75,863.5,863.3,863.15,863.15,863.15,863.0,862.5,862.45,862.4,860.85,860.65,859.5,859.3,859.3,859.1,858.7,858.65,857.75,857.75,857.75,857.55,857.55,857.35,856.7,856.3,856.3,856.15,855.6,855.5,855.5,855.5,855.5,855.25,855.05,854.05,850.85
HHOCVRP,E-n51-k5,521,552.15,5.9789,0.96,1102.3,878.3,742.95,740.85,626.5,623.35,619.4,615.05,612.2,611.85,606.45,601.4,599.7,599.7,596.9,595.15,592.25,591.8,590.65,590.35,590.2,589.5,588.6,588.35,588.35,588.35,588.15,588.15,586.25,585.75,585.75,585.55,584.25,584.2,584.2,583.95,583.65,583.4,580.5,580.5,579.6,579.3,579.2,578.9,576.35,575.2,573.35,573.35,572.2,572.2,570.7,570.0,570.0,570.0,569.9,569.0,569.0,568.75,568.4,567.45,566.9,566.65,566.65,566.6,566.6,566.6,566.6,566.6,566.6,566.5,566.5,566.4,566.4,566.05,565.5,565.5,565.5,565.5,565.5,565.5,565.4,565.3,565.3,565.3,564.55,564.55,564.55,564.55,564.5,564.45,564.2,564.15,564.15,564.15,563.85,563.45,563.4,563.2,563.2,552.15
HHOCVRP,E-n76-k7,682,740.3,8.5484,1.75,1652.45,1199.35,1039.55,895.3,821.15,813.35,809.9,808.65,803.65,800.4,797.1,795.0,794.9,793.75,791.95,791.55,790.35,786.65,785.65,784.25,784.25,782.4,782.4,779.85,778.0,776.8,776.8,776.8,776.05,774.85,773.7,773.35,773.15,772.4,772.05,771.3,769.7,769.5,767.55,766.05,765.9,765.9,765.3,765.05,765.05,765.0,764.4,764.4,764.05,763.65,763.6,762.55,762.55,762.0,762.0,761.3,760.6,760.4,760.4,760.35,760.1,760.1,760.1,759.9,759.8,759.8,759.8,759.15,759.15,759.0,758.95,758.95,758.95,758.7,758.55,758.55,757.8,757.7,757.7,757.7,757.7,757.7,757.05,756.75,756.75,756.65,756.65,756.65,756.65,756.25,756.25,755.8,755.3,755.3,755.25,755.25,755.25,755.25,755.25,740.3
HHOCVRP,E-n76-k8,735,792.7,7.8503,1.72,1917.4,1239.7,1161.75,1148.55,938.6,935.9,864.2,863.9,862.6,862.25,860.0,855.2,854.3,854.3,853.75,853.3,852.95,851.05,850.85,848.5,848.4,848.4,848.4,848.4,847.1,844.85,843.6,842.45,842.45,842.4,842.35,841.5,838.35,838.3,837.9,837.65,836.8,835.65,835.65,835.6,835.15,833.65,833.65,832.95,832.6,832.6,830.95,830.95,830.95,830.05,829.5,829.25,827.6,827.05,826.75,826.75,826.7,826.45,825.5,825.5,825.5,824.4,824.3,823.65,823.6,822.85,822.35,822.1,821.75,821.1,821.1,820.85,820.8,820.8,820.8,820.75,820.75,820.75,820.7,820.7,820.7,820.7,820.35,819.85,819.55,819.5,819.5,819.5,819.5,818.95,818.85,818.65,818.4,818.1,817.6,817.4,817.25,817.25,817.25,792.7
HHOCVRP,E-n76-k10,830,892.45,7.5241,1.7,1974.65,1663.65,1261.05,1114.1,976.9,969.45,969.35,966.15,963.35,961.55,960.95,960.95,958.75,957.05,956.7,955.15,954.55,954.1,953.5,950.95,948.5,948.45,948.15,947.6,946.0,945.5,945.5,944.55,943.75,943.75,942.5,942.5,941.25,941.2,941.2,941.2,941.0,940.95,938.3,936.3,936.3,935.5,934.95,934.65,933.1,932.45,932.15,931.4,930.85,930.8,929.9,929.45,928.3,927.85,927.85,927.0,926.05,925.0,925.0,925.0,924.85,924.5,924.1,924.1,923.85,923.8,923.55,923.45,922.95,922.9,922.6,922.6,922.6,922.3,922.2,922.05,922.05,921.9,921.9,921.2,921.2,921.15,920.8,920.45,920.15,920.15,920.15,920.15,919.35,919.15,919.15,918.8,918.55,917.85,917.5,917.5,917.05,917.0,916.45,892.45
HHOCVRP,E-n76-k14,1021,1086.2,6.3859,1.85,1752.8,1535.6,1229.75,1172.4,1163.4,1155.05,1149.6,1146.95,1145.85,1144.4,1142.05,1141.4,1140.35,1140.3,1140.1,1139.8,1139.45,1139.15,1137.1,1136.2,1135.55,1134.9,1134.9,1134.15,1134.1,1134.1,1132.5,1132.5,1131.8,1127.9,1127.9,1127.1,1126.75,1125.75,1125.75,1124.75,1124.75,1124.3,1123.65,1123.35,1123.25,1122.6,1122.3,1122.3,1122.3,1121.35,1120.75,1120.4,1119.5,1118.5,1117.1,1114.95,1114.7,1113.45,1113.35,1112.6,1112.55,1112.55,1111.95,1111.95,1111.5,1111.5,1110.75,1110.0,1110.0,1110.0,1109.0,1109.0,1109.0,1109.0,1109.0,1108.7,1108.7,1108.25,1108.25,1108.1,1108.1,1108.1,1107.95,1107.8,1107.5,1107.35,1107.35,1107.35,1107.35,1107.35,1107.05,1106.75,1106.55,1106.15,1106.15,1105.75,1105.65,1105.4,1105.25,1105.25,1105.15,1105.05,1105.05,1086.2
HHOCVRP,E-n101-k8,815,887.85,8.9387,2.81,2860.9,1858.5,1213.85,1213.65,1107.15,1097.95,986.1,981.0,979.75,976.95,970.75,969.95,967.25,967.25,967.25,965.9,962.35,962.2,962.15,961.7,960.7,960.7,958.45,956.8,955.9,954.75,954.75,954.25,954.25,953.85,952.35,952.35,950.75,950.75,950.75,950.65,948.55,945.15,943.65,942.3,942.0,941.25,941.25,939.15,937.05,936.45,936.45,935.9,935.3,935.0,934.75,934.4,933.85,933.05,932.6,931.95,930.85,927.7,927.65,927.5,927.5,927.35,926.15,926.15,926.15,926.05,925.3,925.15,925.1,925.1,924.2,924.2,924.1,924.1,923.8,923.65,923.65,923.65,923.55,923.55,923.35,923.35,923.1,923.1,923.05,923.05,923.05,923.05,923.05,923.05,922.95,922.6,922.6,922.6,922.55,922.55,922.55,922.2,921.2,887.85
HHOCVRP,E-n101-k14,1067,1160.95,8.8051,2.86,2889.8,2281.5,1783.6,1488.35,1483.2,1378.85,1370.65,1277.45,1275.2,1274.05,1269.15,1267.15,1265.85,1258.85,1254.75,1254.25,1251.0,1250.1,1248.3,1245.0,1243.05,1243.0,1241.05,1240.85,1240.85,1240.55,1238.9,1237.3,1236.2,1235.6,1235.25,1235.25,1235.1,1234.75,1234.75,1234.75,1233.4,1231.9,1231.85,1230.6,1230.35,1230.15,1229.7,1229.15,1229.15,1226.35,1225.3,1225.3,1224.2,1223.25,1223.15,1221.3,1220.55,1220.5,1220.35,1219.85,1219.6,1219.6,1218.95,1218.75,1218.65,1217.85,1217.85,1217.4,1217.05,1217.05,1216.8,1216.8,1216.8,1216.8,1216.2,1216.2,1216.1,1216.1,1215.9,1215.75,1215.7,1215.7,1215.35,1215.35,1214.9,1214.85,1214.65,1214.5,1214.4,1213.35,1212.75,1212.75,1212.75,1212.75,1211.85,1211.85,1211.65,1211.65,1211.6,1211.45,1210.9,1210.9,1209.95,1160.95
HHOCVRP,F-n45-k4,724,743.45,2.6865,0.8,1562.5,1155.35,1075.4,1004.35,938.2,831.25,825.35,814.95,810.45,807.7,805.15,798.35,795.45,784.3,779.7,779.7,779.7,779.0,777.35,777.2,773.6,773.6,771.8,771.8,771.55,771.25,768.7,768.25,768.25,767.75,767.75,767.65,767.4,766.85,766.6,766.6,766.6,766.35,765.65,765.35,765.3,765.3,764.95,764.6,763.5,763.45,763.2,763.15,762.2,762.2,761.2,760.95,760.95,760.95,760.95,760.95,760.5,760.2,759.5,759.5,759.5,758.95,758.95,758.95,758.8,758.8,758.8,758.8,758.8,758.35,758.35,757.6,757.6,757.6,757.3,757.3,757.3,756.95,756.65,756.35,756.35,756.35,756.35,756.15,755.85,755.65,755.65,755.65,755.65,755.45,755.45,755.25,755.25,755.2,755.0,755.0,755.0,754.9,754.9,743.45
HHOCVRP,F-n72-k4,237,245.65,3.6498,1.56,763.55,370.2,328.85,284.8,281.7,278.95,278.05,275.15,274.4,273.05,272.6,272.0,272.0,270.75,270.6,269.95,269.25,266.85,266.6,265.95,264.55,264.2,264.2,264.2,263.6,263.35,263.3,263.25,262.9,262.9,261.6,261.6,261.6,261.2,261.15,261.15,261.1,261.1,260.65,260.4,260.4,259.75,259.65,259.65,259.65,259.4,259.05,258.65,258.5,258.3,257.4,257.25,256.8,256.6,256.6,256.6,255.7,255.7,255.6,255.6,255.45,255.45,255.4,255.2,255.1,255.1,254.65,254.1,253.9,253.9,253.9,253.9,253.5,253.5,253.5,253.5,253.25,253.15,253.15,253.15,253.15,253.1,253.1,253.1,253.1,253.1,253.05,253.05,253.05,253.05,253.05,253.05,253.05,253.05,253.05,253.05,253.05,253.05,252.95,245.65
HHOCVRP,F-n135-k7,1162,1220.3,5.0172,4.82,4402.8,2989.4,2516.4,1590.3,1588.05,1362.45,1351.95,1350.6,1347.55,1329.75,1329.55,1323.1,1323.1,1321.6,1321.6,1314.65,1311.35,1310.1,1308.0,1307.2,1305.6,1302.55,1298.0,1294.15,1294.15,1293.35,1290.8,1290.5,1289.3,1289.3,1288.3,1288.3,1288.3,1287.45,1284.7,1282.45,1276.55,1276.2,1275.95,1275.85,1275.0,1274.75,1274.55,1274.55,1273.85,1273.85,1273.65,1273.25,1273.25,1272.1,1270.95,1270.65,1270.5,1270.5,1269.95,1269.95,1269.45,1269.35,1269.35,1269.1,1269.1,1268.8,1268.4,1268.4,1268.4,1268.1,1268.05,1268.05,1267.3,1267.25,1267.0,1267.0,1267.0,1266.7,1266.7,1266.7,1266.7,1266.7,1266.7,1266.7,1266.5,1266.5,1266.5,1266.5,1266.5,1266.5,1266.25,1266.25,1266.25,1266.25,1266.25,1266.25,1266.15,1264.95,1264.95,1264.95,1264.95,1264.75,1264.5,1220.3
HHOCVRP,M-n101-k10,820,899.55,9.7012,2.39,3054.0,2347.25,2019.5,1404.15,1156.05,1144.5,1128.55,1122.25,1006.25,1004.2,1000.6,997.35,993.75,991.1,990.8,987.4,984.4,983.45,983.15,982.1,979.4,979.0,979.0,976.7,974.85,971.75,970.85,970.8,970.7,969.4,968.25,967.55,965.1,964.45,960.85,960.6,957.0,956.2,956.15,956.0,955.5,955.3,955.25,955.25,954.85,953.65,949.8,949.15,948.6,948.05,947.5,947.35,947.25,946.8,946.7,946.5,946.45,946.4,944.4,943.85,943.85,943.85,943.6,943.5,943.15,942.8,942.8,942.55,942.45,941.15,941.15,941.15,941.15,941.15,941.15,941.15,941.05,940.5,940.45,940.45,940.05,939.55,939.55,939.55,939.55,939.15,939.1,939.1,937.9,937.85,937.8,937.75,937.75,937.35,936.85,936.35,935.55,935.55,935.55,899.55
HHOCVRP,M-n121-k7,1034,1072.8,3.7524,3.68,3664.4,3367.8,2412.15,2157.6,1700.65,1246.65,1228.55,1223.45,1217.25,1210.6,1210.55,1210.2,1205.2,1197.3,1190.45,1179.65,1175.35,1174.9,1174.6,1173.95,1173.9,1172.65,1171.3,1171.15,1170.95,1165.8,1162.75,1162.05,1158.95,1158.05,1155.35,1154.15,1154.1,1149.15,1147.05,1145.9,1145.1,1144.4,1144.1,1141.7,1141.25,1137.7,1137.45,1136.35,1135.25,1135.1,1133.4,1131.2,1126.95,1126.25,1125.8,1125.05,1124.05,1123.5,1122.6,1119.35,1119.25,1118.55,1117.3,1116.0,1116.0,1115.6,1115.35,1115.35,1115.3,1114.6,1114.25,1114.15,1113.7,1113.55,1113.35,1113.0,1112.6,1112.35,1112.1,1112.1,1112.1,1112.1,1112.1,1112.1,1112.1,1112.0,1112.0,1111.95,1111.95,1111.9,1111.9,1111.3,1111.3,1111.3,1111.3,1110.45,1110.4,1110.4,1110.4,1110.4,1109.85,1109.8,1109.75,1072.8
HHOCVRP,M-n151-k12,1015,1133.6,11.6847,5.33,3056.1,1978.65,1797.3,1453.45,1276.85,1267.1,1264.1,1261.7,1261.45,1259.55,1254.3,1252.4,1249.55,1246.9,1246.9,1246.45,1243.9,1243.55,1243.4,1242.1,1241.1,1240.0,1240.0,1239.85,1239.0,1236.3,1235.6,1234.85,1231.55,1230.6,1229.2,1227.15,1225.5,1224.85,1224.0,1222.55,1222.3,1221.75,1219.4,1217.9,1217.05,1216.8,1215.9,1214.7,1211.4,1210.75,1210.7,1209.25,1207.5,1205.65,1205.0,1204.9,1204.6,1204.5,1204.25,1203.6,1203.0,1202.95,1202.95,1202.95,1201.85,1201.85,1201.75,1201.75,1201.75,1201.75,1201.75,1201.0,1201.0,1199.6,1199.6,1199.6,1199.6,1199.6,1199.6,1199.6,1199.6,1199.6,1199.6,1199.6,1199.6,1199.6,1199.6,1199.6,1199.25,1199.2,1199.2,1199.2,1198.85,1198.35,1198.35,1198.35,1198.25,1198.25,1197.0,1197.0,1196.65,1196.55,1196.55,1133.6
HHOCVRP,M-n200-k16,1274,1425.35,11.8799,9.06,3963.65,2515.1,1804.3,1794.7,1789.55,1557.25,1555.55,1550.35,1547.65,1547.0,1546.2,1544.15,1542.8,1542.65,1539.15,1537.25,1532.7,1532.3,1529.05,1526.45,1525.0,1525.0,1524.2,1524.2,1523.65,1523.4,1521.65,1519.1,1518.75,1517.55,1517.55,1516.8,1516.8,1516.2,1516.2,1515.5,1514.95,1513.2,1513.05,1512.9,1512.65,1512.65,1511.65,1511.65,1508.75,1508.55,1506.75,1506.75,1506.2,1505.95,1505.75,1505.75,1504.95,1504.95,1504.45,1502.9,1502.9,1502.7,1499.95,1499.95,1499.45,1498.25,1498.25,1498.25,1498.25,1498.05,1498.05,1498.05,1497.2,1497.2,1497.2,1497.2,1496.9,1496.9,1496.9,1496.9,1496.9,1496.1,1496.1,1496.1,1496.1,1495.85,1495.85,1495.85,1495.85,1495.6,1495.6,1495.6,1495.3,1495.3,1495.3,1495.15,1495.0,1494.75,1494.0,1494.0,1494.0,1493.45,1493.35,1425.35
HHOCVRP,M-n200-k17,1275,1427.0,11.9216,8.73,3973.75,2998.45,2747.7,2503.55,1801.25,1560.45,1557.7,1553.7,1543.45,1540.0,1536.25,1535.4,1534.5,1532.2,1532.2,1532.1,1530.85,1529.15,1529.15,1527.05,1525.35,1524.85,1524.85,1523.2,1521.7,1521.45,1520.25,1520.25,1520.2,1519.9,1519.55,1518.1,1518.0,1518.0,1518.0,1517.75,1517.15,1514.95,1514.95,1514.15,1514.15,1512.15,1511.75,1508.85,1508.8,1508.8,1507.3,1507.3,1507.3,1506.25,1506.25,1506.25,1505.95,1504.7,1504.6,1502.3,1502.15,1500.35,1498.55,1498.55,1498.55,1497.75,1497.7,1497.7,1497.2,1496.4,1496.4,1496.25,1495.05,1494.65,1494.65,1494.65,1494.65,1494.25,1494.25,1494.0,1493.6,1493.0,1493.0,1493.0,1493.0,1493.0,1493.0,1493.0,1493.0,1493.0,1493.0,1493.0,1493.0,1493.0,1493.0,1493.0,1492.95,1492.4,1492.25,1492.2,1491.3,1491.3,1490.8,1427.0
HHOCVRP,P-n16-k8,450,451.1,0.2444,0.12,499.25,486.7,476.25,474.65,471.75,467.5,465.25,462.15,460.35,459.9,459.35,456.7,456.6,456.6,456.6,456.5,455.95,455.95,455.4,455.2,455.1,455.1,454.95,454.8,454.8,454.35,454.35,453.9,453.6,453.6,453.25,453.15,453.15,453.15,453.15,452.75,452.75,452.75,452.75,452.75,452.75,452.75,452.6,452.5,452.25,452.25,452.25,452.25,452.1,452.1,451.95,451.8,451.8,451.8,451.8,451.8,451.8,451.8,451.8,451.8,451.8,451.8,451.8,451.8,451.8,451.8,451.8,451.8,451.8,451.8,451.8,451.8,451.75,451.75,451.55,451.55,451.55,451.55,451.55,451.55,451.4,451.4,451.4,451.4,451.4,451.4,451.25,451.25,451.25,451.25,451.25,451.25,451.25,451.25,451.25,451.25,451.25,451.2,451.1,451.1
HHOCVRP,P-n19-k2,212,213.55,0.7311,0.26,336.1,301.5,246.4,237.2,235.5,233.5,231.85,230.05,227.35,226.0,223.75,223.0,222.6,222.05,221.5,221.5,221.15,220.65,220.65,220.5,220.5,220.15,219.5,219.3,219.15,219.15,219.15,218.95,218.6,218.6,218.6,218.6,218.6,218.55,218.2,218.0,218.0,217.7,217.35,217.1,216.9,216.7,216.7,216.7,216.5,216.5,216.5,216.5,216.5,215.95,215.95,215.75,215.75,215.75,215.45,215.45,215.0,215.0,215.0,215.0,215.0,215.0,215.0,215.0,215.0,215.0,215.0,215.0,215.0,215.0,215.0,215.0,215.0,215.0,215.0,215.0,215.0,215.0,215.0,215.0,215.0,215.0,215.0,215.0,215.0,215.0,215.0,215.0,215.0,215.0,215.0,215.0,215.0,215.0,215.0,215.0,215.0,215.0,215.0,213.55
HHOCVRP,P-n20-k2,216,216.5,0.2315,0.28,345.65,255.95,236.8,234.4,229.9,228.5,227.55,224.9,223.45,223.45,223.45,223.45,222.95,222.9,221.5,221.2,220.15,220.15,220.1,219.95,219.9,219.9,219.8,219.5,219.5,219.5,219.45,219.35,219.35,219.3,219.2,219.2,219.2,219.0,218.85,218.8,218.8,218.8,218.75,218.75,218.7,218.7,218.7,218.65,218.65,218.6,218.55,218.45,218.45,218.4,218.35,218.3,218.25,218.2,218.2,218.2,218.15,218.1,218.0,217.9,217.9,217.9,217.85,217.85,217.85,217.8,217.75,217.75,217.7,217.7,217.7,217.7,217.7,217.65,217.6,217.6,217.45,217.4,217.4,217.3,217.25,217.2,217.2,217.15,217.05,216.95,216.85,216.85,216.85,216.85,216.85,216.85,216.85,216.85,216.85,216.8,216.8,216.75,216.75,216.5
HHOCVRP,P-n21-k2,211,211.0,0.0,0.19,335.3,288.35,255.25,247.25,242.8,232.6,222.7,220.7,220.55,219.85,219.7,218.85,217.8,217.75,217.25,217.25,216.45,216.45,216.2,216.15,216.1,216.0,215.35,215.15,215.15,215.05,215.05,214.95,214.75,214.7,214.7,214.5,214.3,214.0,213.75,213.7,213.35,213.2,213.2,213.2,213.2,213.2,213.2,213.1,213.1,212.9,212.85,212.85,212.75,212.5,212.5,212.25,212.2,212.15,212.15,212.15,212.05,212.05,211.95,211.95,211.95,211.95,211.95,211.85,211.85,211.85,211.75,211.75,211.75,211.7,211.7,211.7,211.7,211.7,211.7,211.7,211.7,211.7,211.7,211.7,211.7,211.7,211.7,211.7,211.7,211.7,211.7,211.7,211.7,211.7,211.65,211.65,211.65,211.65,211.65,211.65,211.65,211.65,211.65,211.0
HHOCVRP,P-n22-k2,216,216.05,0.0231,0.24,344.75,279.0,240.85,239.4,230.4,227.4,224.8,224.65,223.95,223.9,223.05,222.3,221.9,221.75,221.55,221.45,221.35,221.35,221.05,220.5,220.25,220.2,220.15,220.15,219.9,219.9,219.65,219.45,219.25,219.15,219.15,219.1,218.8,218.6,218.6,218.2,218.15,218.15,218.15,217.75,217.55,217.35,217.35,217.35,217.35,217.35,217.2,217.2,217.2,217.15,217.1,216.9,216.9,216.9,216.9,216.9,216.9,216.9,216.9,216.9,216.9,216.9,216.9,216.9,216.9,216.85,216.85,216.85,216.85,216.85,216.8,216.8,216.8,216.8,216.8,216.8,216.8,216.8,216.8,216.75,216.75,216.75,216.75,216.75,216.75,216.75,216.75,216.75,216.75,216.75,216.7,216.7,216.7,216.7,216.7,216.7,216.7,216.7,216.7,216.05
HHOCVRP,P-n22-k8,603,605.45,0.4063,0.22,743.3,719.75,681.7,668.05,660.35,655.3,649.9,647.8,645.85,640.1,639.05,637.45,636.75,633.85,633.05,632.6,631.0,629.55,629.05,628.65,628.15,625.8,624.3,622.25,622.15,622.0,622.0,621.65,619.9,619.85,619.75,619.15,617.1,616.85,616.7,615.7,615.05,615.0,613.3,612.85,612.45,612.3,612.3,611.85,611.0,610.6,610.6,610.4,610.4,610.4,609.6,609.6,609.45,609.45,608.75,608.75,608.05,608.05,608.05,608.05,608.05,608.05,608.05,607.95,607.95,607.95,607.95,607.95,607.95,607.95,607.95,607.3,607.3,607.3,606.55,606.55,606.15,606.15,606.15,606.15,606.15,606.15,606.15,606.15,606.15,606.15,606.15,606.15,606.15,606.15,606.15,606.15,606.15,606.15,606.15,606.15,606.15,606.15,606.15,605.45
HHOCVRP,P-n23-k8,529,535.8,1.2854,0.39,633.25,585.7,580.5,577.75,572.05,569.75,568.55,565.0,561.4,560.1,559.75,558.55,556.65,556.5,555.1,554.5,553.9,551.55,550.6,550.55,550.45,550.05,549.65,548.75,548.4,548.0,547.45,547.35,546.55,546.5,546.3,546.0,544.85,544.35,543.7,543.65,543.5,543.25,542.6,541.95,541.9,541.55,541.55,541.0,541.0,540.5,540.35,540.35,540.35,540.35,540.35,540.35,540.25,540.0,539.8,539.8,539.45,539.45,539.3,539.25,539.1,539.1,538.85,538.85,538.85,538.2,538.2,538.2,538.2,538.15,538.15,537.9,537.9,537.85,537.85,537.85,537.85,537.85,537.85,537.7,537.7,537.7,537.55,537.55,537.55,537.55,537.55,537.55,536.9,536.8,536.6,536.35,536.35,536.35,536.35,536.3,536.3,536.25,536.25,535.8
HHOCVRP,P-n40-k5,458,479.9,4.7817,0.67,868.25,597.85,563.65,558.9,533.5,527.3,526.15,524.4,523.55,522.1,519.15,515.95,515.15,513.15,512.3,511.95,511.85,511.45,511.1,510.95,510.95,510.6,510.6,509.7,508.45,507.85,507.6,507.05,505.45,505.4,505.4,505.4,505.1,505.1,504.1,504.05,503.5,502.45,501.95,500.95,500.0,498.85,498.7,498.15,496.95,495.35,495.35,494.75,494.75,494.4,494.0,493.05,492.35,492.0,492.0,491.7,491.7,491.7,491.45,491.45,491.05,491.05,491.05,491.05,491.05,489.95,489.55,489.4,488.85,488.85,488.85,488.85,488.85,488.85,488.55,488.55,488.45,488.35,488.35,488.35,488.35,487.95,487.95,487.95,487.45,487.2,487.15,487.15,487.1,486.9,486.9,486.55,486.4,486.4,486.35,486.35,485.7,485.35,485.35,479.9
HHOCVRP,P-n45-k5,510,527.3,3.3922,0.8,815.9,733.45,690.15,617.9,615.1,579.6,579.4,576.25,575.9,575.05,572.7,572.65,572.5,568.85,568.3,567.5,567.0,563.85,561.8,561.2,560.85,559.7,559.7,558.5,558.1,557.2,557.0,557.0,556.1,552.55,552.55,552.15,551.25,551.0,550.65,549.8,549.8,549.45,549.25,547.95,547.8,547.4,547.4,547.3,547.15,547.1,546.85,546.85,546.85,546.75,545.9,544.9,544.9,544.6,544.6,543.05,543.05,542.7,542.7,542.25,541.05,540.65,539.85,539.5,539.5,539.4,539.4,539.05,539.05,537.9,537.45,537.25,537.25,537.25,536.9,536.9,536.9,536.15,535.95,535.95,535.65,535.45,535.45,535.45,535.45,535.45,535.3,535.3,535.3,535.1,535.1,534.7,534.4,533.85,533.4,533.15,533.15,533.15,533.15,527.3
HHOCVRP,P-n50-k7,554,578.8,4.4765,0.95,1002.7,842.05,758.05,676.45,639.35,634.95,627.7,625.85,623.55,623.2,623.15,621.25,621.2,619.3,618.6,616.9,613.9,613.7,613.7,613.7,609.35,608.95,607.5,607.5,606.55,605.85,605.85,605.3,605.3,603.65,603.4,603.4,603.15,602.8,601.75,601.65,601.5,601.5,601.5,600.35,598.95,598.75,595.85,594.9,594.85,594.85,593.4,593.25,592.9,592.85,592.85,592.75,592.75,592.75,592.55,592.3,592.3,591.5,591.5,591.25,590.85,590.85,590.8,590.8,590.8,590.8,590.35,590.15,589.95,589.85,589.75,589.6,589.15,589.15,588.95,588.95,588.85,588.85,588.85,588.5,588.5,588.5,588.5,588.5,588.45,588.45,587.8,587.75,587.75,587.7,587.1,586.7,586.3,586.3,586.3,586.2,586.2,586.2,585.95,578.8
HHOCVRP,P-n50-k8,631,657.0,4.1204,0.93,1007.1,860.4,750.05,712.2,706.7,704.3,703.35,700.35,699.6,699.25,696.15,695.1,693.9,693.0,692.45,691.75,690.7,689.9,688.95,688.4,687.7,687.65,686.55,685.75,685.45,685.45,685.35,684.55,684.45,684.2,684.2,684.0,683.75,682.55,682.4,682.4,681.15,680.35,679.9,679.6,678.85,678.85,678.75,678.7,678.25,678.0,677.65,677.65,677.65,677.3,677.15,677.15,676.35,676.3,676.2,675.25,675.2,673.9,672.7,672.7,672.7,672.55,672.55,672.55,672.15,672.15,671.6,671.6,671.6,671.3,671.3,671.0,671.0,671.0,671.0,670.45,670.05,670.05,670.05,670.05,670.05,670.05,670.05,669.95,669.7,669.65,669.55,669.55,669.35,669.35,669.15,668.85,668.6,668.6,667.6,667.5,667.1,666.95,666.65,657.0
HHOCVRP,P-n50-k10,696,725.4,4.2241,0.95,1207.2,957.85,853.8,785.85,783.8,778.5,774.25,773.95,769.55,768.35,765.3,765.3,764.65,763.4,762.55,762.55,762.2,761.75,761.5,760.65,759.55,759.55,759.3,759.3,758.4,758.4,758.4,758.3,757.55,757.0,756.95,756.45,756.0,755.9,754.85,753.75,753.75,753.75,752.85,752.85,752.55,752.5,752.4,752.15,751.3,751.05,750.85,750.85,750.55,750.35,749.85,749.85,749.65,748.95,748.7,748.45,747.95,746.9,746.8,746.75,746.05,745.15,745.05,745.05,745.05,745.05,744.7,744.7,744.45,744.45,743.65,743.05,743.05,742.45,741.95,741.75,740.8,740.8,740.8,740.45,739.55,739.55,739.25,738.75,738.75,738.3,738.2,738.1,737.9,737.75,737.65,737.45,737.35,737.15,736.95,736.25,736.0,735.7,735.3,725.4
HHOCVRP,P-n51-k10,741,775.15,4.6086,0.96,1275.05,1117.6,957.8,913.45,911.6,844.1,842.05,837.85,831.7,829.05,823.35,823.05,823.05,821.2,820.25,819.6,818.9,818.5,818.0,817.05,814.15,812.35,812.25,811.5,810.7,808.5,806.1,805.6,805.1,804.8,804.75,803.9,802.3,802.3,801.9,801.8,801.3,799.85,798.65,798.45,797.2,797.05,796.4,796.35,795.55,795.25,794.6,794.6,794.55,794.15,793.3,792.45,792.45,792.45,791.45,790.35,790.3,789.4,788.65,788.65,788.2,788.2,788.15,787.75,787.75,787.6,787.6,787.6,787.6,787.3,787.3,787.25,786.95,786.95,786.9,786.45,786.4,786.4,786.1,785.8,785.45,785.45,785.3,785.15,785.1,785.1,784.9,784.9,784.9,784.65,784.5,784.15,784.15,784.15,784.15,784.05,783.8,783.65,783.4,775.15
HHOCVRP,P-n55-k7,568,594.5,4.6655,1.08,1290.65,882.6,760.1,713.4,698.95,657.55,656.5,654.65,651.55,649.75,648.1,645.95,642.05,642.05,640.6,639.65,636.35,635.75,634.6,634.5,633.8,633.8,632.5,631.5,630.95,630.4,629.95,628.45,627.8,627.55,627.25,626.75,626.6,624.5,623.25,622.5,620.35,619.5,618.95,618.95,618.95,618.5,618.25,616.45,616.45,616.2,616.2,615.6,612.9,612.8,612.65,611.9,611.9,610.95,610.95,610.7,609.85,609.85,609.85,609.85,609.55,609.55,609.45,609.25,609.25,609.2,609.15,609.15,609.15,608.4,608.4,608.35,608.35,608.35,608.35,608.35,608.25,608.1,608.05,607.7,607.7,607.55,607.55,607.55,607.25,607.15,607.15,606.55,606.4,606.05,606.05,605.95,605.9,605.9,605.85,605.65,605.15,604.95,603.9,594.5
HHOCVRP,P-n55-k10,694,725.9,4.5965,1.1,1191.4,983.6,897.7,815.5,812.75,772.7,771.1,768.55,766.55,765.3,762.75,760.45,759.45,757.5,756.8,756.4,755.15,755.15,754.95,754.0,753.55,751.8,750.1,749.55,749.5,749.1,749.1,749.1,749.1,748.8,748.6,748.3,747.55,746.5,746.05,746.05,745.15,745.1,745.1,744.8,744.8,744.7,744.6,743.3,743.3,743.3,742.25,741.4,740.9,740.45,739.75,739.75,739.75,738.85,738.3,738.0,738.0,737.65,737.4,737.4,737.4,737.4,737.4,737.3,737.3,737.3,737.3,737.25,737.05,736.85,736.7,736.7,736.6,736.25,735.95,735.95,735.85,735.75,735.0,734.75,734.75,734.75,734.6,734.1,733.6,733.45,733.3,733.3,733.25,733.2,733.0,732.8,732.65,732.55,732.35,732.35,732.3,732.15,732.15,725.9
HHOCVRP,P-n55-k15,989,985.2,-0.3842,0.82,1422.0,1215.55,1051.8,1050.55,1047.35,1043.35,1042.35,1041.4,1040.3,1035.65,1035.05,1032.55,1030.65,1030.1,1027.85,1025.95,1024.35,1023.4,1020.2,1019.2,1017.85,1017.4,1015.45,1013.2,1013.15,1012.05,1012.05,1011.75,1011.55,1010.85,1009.8,1008.2,1008.05,1007.3,1007.05,1005.2,1003.25,999.9,999.2,998.5,997.85,996.9,996.8,996.25,995.85,995.5,994.1,994.1,993.3,992.85,992.8,992.8,992.8,992.8,992.75,992.5,992.5,992.5,992.35,992.05,992.05,992.05,991.6,991.55,991.55,989.9,988.6,988.6,988.6,988.6,988.4,988.4,988.4,988.4,988.3,988.3,988.3,988.15,988.15,988.1,988.1,988.1,987.7,987.65,987.65,987.65,987.65,987.65,987.35,987.1,987.1,986.8,986.45,986.45,986.45,986.45,986.45,986.45,986.45,985.2
HHOCVRP,P-n60-k10,744,784.5,5.4435,1.23,1396.15,1057.6,918.85,871.65,865.95,859.6,854.05,848.35,844.75,840.0,839.5,834.5,833.35,832.55,830.55,829.75,829.75,829.7,829.2,829.2,829.1,827.85,826.85,826.5,824.55,822.85,822.2,822.15,820.9,819.95,819.45,819.45,819.45,818.7,817.45,817.35,817.35,817.35,817.35,816.6,816.05,816.05,816.05,815.95,814.7,814.65,814.45,813.95,813.95,813.5,811.7,811.7,810.3,810.0,809.4,808.25,808.25,808.1,806.6,806.6,806.3,805.8,805.8,805.8,805.7,805.7,805.55,805.55,805.35,805.25,805.25,805.25,805.25,805.15,804.65,804.35,804.05,804.05,803.9,803.9,803.35,803.35,803.35,803.35,803.35,802.95,802.7,802.7,802.1,802.1,801.75,801.65,801.55,800.95,800.5,800.45,800.2,799.95,799.55,784.5
HHOCVRP,P-n60-k15,968,1020.55,5.4287,1.22,1598.4,1424.2,1295.65,1131.2,1090.2,1086.25,1079.3,1075.2,1073.2,1070.6,1070.2,1070.2,1070.2,1070.2,1069.7,1067.05,1066.5,1066.4,1065.05,1065.05,1063.6,1063.35,1061.4,1060.55,1060.05,1059.65,1059.65,1059.5,1058.3,1057.95,1057.4,1056.1,1053.9,1053.6,1053.1,1053.1,1053.1,1053.1,1052.1,1050.4,1048.65,1048.15,1047.6,1047.3,1047.3,1045.55,1045.55,1045.15,1044.45,1044.4,1044.05,1044.0,1043.55,1043.55,1043.1,1042.7,1042.6,1042.3,1041.1,1039.65,1039.65,1039.65,1039.35,1039.0,1039.0,1038.75,1038.65,1038.65,1038.5,1038.4,1038.4,1038.4,1038.4,1038.4,1038.4,1038.4,1038.4,1038.4,1038.4,1038.4,1038.1,1037.8,1037.4,1037.4,1036.95,1036.8,1036.3,1036.25,1036.25,1036.25,1035.8,1034.8,1034.8,1033.35,1033.35,1032.35,1032.15,1031.95,1031.95,1020.55
HHOCVRP,P-n65-k10,792,832.85,5.1578,1.44,1483.75,1247.15,1081.8,924.75,923.95,917.1,915.3,912.2,908.0,904.95,900.55,898.85,898.75,896.4,895.45,894.45,894.3,893.3,891.55,891.5,889.3,887.45,885.95,885.3,884.85,881.8,879.5,878.4,878.4,877.95,877.95,876.6,875.35,875.35,874.9,874.9,874.9,874.75,874.35,873.2,873.15,871.95,870.25,869.6,869.6,869.6,868.25,867.85,866.85,866.4,866.05,865.8,865.8,863.85,863.6,863.3,862.75,862.4,862.4,862.25,862.25,862.25,862.25,861.75,861.7,861.35,861.35,861.35,861.0,860.2,859.95,859.95,858.85,858.7,858.7,858.7,858.45,858.05,858.05,857.55,857.55,857.55,857.2,857.15,857.15,856.85,856.5,856.5,856.5,856.5,856.05,856.05,855.4,854.9,853.9,853.6,853.6,853.2,853.0,832.85
HHOCVRP,P-n70-k10,827,882.1,6.6626,1.56,1524.5,1198.9,1082.2,1017.75,960.4,960.4,956.95,954.2,954.1,950.5,949.7,947.45,946.15,943.35,941.75,941.25,935.7,933.35,933.1,932.9,932.25,931.25,931.25,930.35,930.35,930.35,930.1,928.7,927.6,927.5,926.5,926.5,926.25,925.7,925.7,924.65,924.65,924.4,924.15,922.35,920.8,919.65,919.65,918.2,917.05,917.05,917.05,916.25,914.65,914.35,913.1,912.8,912.5,912.5,911.05,911.05,910.5,909.05,909.05,909.05,908.75,908.75,908.75,908.75,908.6,908.6,908.05,907.65,906.95,906.55,906.5,906.5,906.5,906.5,906.5,906.35,906.35,905.7,905.65,905.65,905.05,905.05,905.05,905.0,904.85,904.7,904.65,904.5,904.35,904.35,904.3,903.6,903.1,903.0,902.75,901.85,901.85,901.0,900.95,882.1
HHOCVRP,P-n76-k4,593,635.0,7.0826,1.82,1571.4,1391.95,927.95,776.1,773.05,701.6,699.0,694.8,690.0,685.45,685.15,683.2,682.3,677.25,675.45,673.05,671.9,671.9,671.9,670.45,670.25,667.7,667.7,667.7,666.95,666.95,666.55,666.55,665.95,665.95,665.7,664.25,664.0,664.0,664.0,663.45,661.95,661.9,661.8,661.8,661.75,661.75,660.85,660.25,660.05,659.45,658.9,658.35,658.35,655.9,655.55,655.45,655.45,655.45,655.35,654.7,654.7,654.7,654.6,654.6,654.6,654.45,653.9,653.65,653.6,653.05,653.05,653.05,652.75,652.75,652.75,652.75,652.75,652.7,652.7,652.7,652.35,652.15,652.15,651.85,651.85,651.85,651.85,651.85,651.85,651.8,651.8,651.4,651.4,651.25,651.25,651.25,651.2,651.1,651.1,650.55,650.55,650.55,650.5,635.0
HHOCVRP,P-n76-k5,627,666.55,6.3078,1.81,1618.15,1361.3,1044.9,825.35,822.95,748.85,746.75,738.9,733.0,726.55,723.05,718.75,716.9,715.75,714.75,714.05,713.7,712.45,712.45,712.45,712.1,711.55,709.2,707.35,707.35,707.35,707.3,706.95,704.75,703.7,703.7,703.7,703.65,703.65,702.2,701.5,700.7,699.95,699.95,699.3,699.3,698.95,698.95,698.45,698.2,698.05,697.9,697.9,697.75,697.7,697.7,697.7,697.1,696.0,696.0,696.0,695.95,695.1,695.05,693.4,693.4,693.4,692.15,691.9,691.9,691.8,691.8,691.8,691.75,691.25,690.55,690.55,690.55,690.55,689.8,689.8,689.3,689.3,689.3,689.1,689.1,688.85,688.85,688.85,688.45,688.45,688.45,688.45,688.45,688.4,688.4,688.25,688.25,688.2,686.8,686.8,686.75,686.75,686.45,666.55
HHOCVRP,P-n101-k4,681,720.25,5.7636,2.78,1857.7,1168.75,827.25,815.65,812.3,805.85,802.3,799.15,799.1,798.3,796.65,795.6,795.0,793.0,791.85,790.2,789.15,787.95,787.95,784.3,784.3,782.85,781.6,779.1,776.75,776.0,774.2,774.2,772.55,768.7,768.6,768.6,768.45,766.45,764.95,763.2,762.15,762.15,761.25,760.1,760.1,759.8,758.9,758.8,758.8,757.65,756.2,756.2,756.1,755.7,754.7,754.2,754.2,754.2,753.35,752.45,752.4,752.4,752.0,751.65,751.65,750.6,750.6,750.6,748.15,746.75,746.55,746.55,746.15,746.05,744.6,744.25,744.25,744.25,744.25,744.25,743.75,743.75,743.75,743.75,743.75,743.35,743.35,743.35,743.15,743.15,743.15,742.65,742.35,742.35,742.35,742.3,742.2,742.05,742.0,742.0,742.0,742.0,742.0,720.25
